video,pearson,r2,ccc
whack_your_boss_12,0.9949294182081377,0.9442509343603283,0.9736136508468269
happy_wheels_54,0.9828614926475445,0.9473296275454808,0.9742290807615552
would_you_rather_29,0.9961422080481092,0.9504086842137537,0.9764287968850337
play_red_dead_138,0.8438367506814233,0.5359261882827577,0.7961898335418419
Branda_schmitz_116,0.9951333428330359,0.9479773608872327,0.9753898114144929
dolan_dark_68,0.9825256317777393,0.8663630988135149,0.9431414944032845
fortnite_117,0.9981839887052777,0.9852157484827823,0.9926758322646033
pewdiepie_165,0.9897564628366359,0.9431014489328822,0.9721273559462256
godofwar_52,0.9919978691604552,0.8683889131354036,0.9450959093770909
burnshoes_94,0.9907024144260407,0.9110583120283258,0.9577851979849706
juice_wrld_59,0.9805390717639944,0.7670087715890667,0.9068025953984611
50_50_105,0.9473034866847135,-0.5238024811509056,0.6842846899853433
qwop_55,0.9761782205269238,0.865449129946827,0.9391559333185391
gta1_40,0.9963830802416492,0.9384636330792789,0.9724648569387007
f_marry_kill_68,0.9973271811415327,0.9775191540470268,0.9888068840156925
heartbeat_52,0.9926483085398868,0.9071810813605419,0.9579522057666134
bully_burger_79,0.9917282790919804,0.9162729189194853,0.9621516389460626
flappy_bird_25,0.9973635184943788,0.9825034314835221,0.9913268563009292
Branda_schmitz_23,0.9822125687704988,0.6751422273765696,0.8889864301385904
burnshoes_14,0.9693780392334798,0.6791220181065802,0.8753786328467146
gta2_43,0.9918048572241165,0.9344356770230791,0.9697000944811012
play_red_dead_119,0.9373454367859997,-1.4997182070388009,0.6270062826111398
qwop_48,0.9789647751748788,0.5560231783327239,0.8470559094154441
japanese_show_55,0.9980956910214418,0.9740906688936023,0.9873332355763164
fortnite_118,0.9971468283172762,0.8540405807114655,0.9387601233735169
flappy_bird_76,0.9984213409447099,0.9749754235482956,0.9877930854065654
david_bowie_101,0.9905080474116664,0.9738349581006959,0.98649229187848
play_lastofus_200,0.996330992556108,0.9542322493810008,0.9794649091282577
slipknot_118,0.958243242042025,-0.447556627258881,0.7385513673880983
TRY_NOT_LOOK_AWAY_5,0.9949674936619979,0.9629717380302045,0.9819014904545511
godofwar_99,0.9983533720544449,0.9812581780163705,0.9907922955007322
vaping_for_the1st_42,0.9791129276354428,0.9337136392456691,0.9635686347185368
flappy_bird_52,0.9849118275806404,0.9612057988062935,0.9812776664061257
bully_burger_76,0.9960623791873157,0.9332903050590653,0.9686329025674085
gta2_7,0.9962565693679055,0.9755641535514884,0.9878612669247314
flappy_bird_43,0.9836789721236835,0.6617043294167984,0.880473001881472
dolan_dark_60,0.9884793275407003,0.9229525336161783,0.9617226876772704
pssy_slap_75,0.995454867970585,0.9576509512412364,0.9794005395804405
qwop_28,0.9914487389765964,0.9030721068604004,0.9584919642695516
happy_wheels_33,0.8611325060855284,-0.6318460881176478,0.6833215325741891
gta1_28,0.9866678920465918,0.8816699916401287,0.9493852274068441
eminem_35,0.9911197802697209,0.7415085930514821,0.9082885063372058
f_marry_kill_72,0.984153245243246,0.7630262665958084,0.9115043757863234
godofwar_9,0.9772802393634255,0.6522854091264902,0.8739017676539622
50_50_81,0.9895437761598289,0.9022753940068867,0.9558368281777136
gta1_25,0.992882818961168,0.7705974415650684,0.9142337215978971
bully_burger_96,0.9900276375667252,0.8694413365268024,0.9428070112369592
overwatch_66,0.9932891234616731,0.9599850952950516,0.9803665583454193
flappy_bird_30,0.9991097080077327,0.9832797794136047,0.9916625390686961
gta2_72,0.9907249602030419,0.9576662197115096,0.9795477632577515
godofwar_2,0.9946467058673117,0.92137474906712,0.9647838447379686
marshmello_42,0.9897255984597355,0.9480321316909586,0.9748009495387853
eminem_56,0.8533016398912625,-1.1837736069622842,0.6789861107725547
slipknot_126,0.9913260882733231,0.9133853888884514,0.9585674882149315
play_red_dead_124,0.8524169758658513,-0.5021435184303422,0.6242326529590346
50_50_22,0.9028394320540141,0.13935059208100106,0.7569819786027987
vaping_for_the1st_19,0.9297745102420627,0.2610773491559403,0.8075581272032127
play_lastofus_177,0.9704678291293313,0.7275706688116858,0.8875294387150955
marshmello_105,0.995154796557799,0.9582556882999662,0.9797483032707872
50_50_68,0.989916300747916,0.9751526079978036,0.9869236503559171
play_lastofus_90,0.9989105452571367,0.9845584975622882,0.9923652108032995
heartbeat_25,0.9855878772964171,0.8740044409517969,0.949547139352035
50_50_spider_70,0.9986874897634698,0.9892070119531712,0.9947278757576362
fatality_9,0.7241031357596125,0.3376852959392269,0.6544461894784053
Branda_schmitz_57,0.9924655316202327,0.8602973177547186,0.9429700085173739
50_50_94,0.9972443826905619,0.9744181427687133,0.9875910643368455
battlefield1_22,0.988771909569557,0.9181671464338695,0.960817106725242
fatality_20,0.8138861406369425,-0.6770612904677955,0.703556817807674
godofwar_82,0.9832522820699169,0.872786166058852,0.9460216066348404
pssy_slap_62,0.9857166116033583,0.8343032637520432,0.9304351812590337
would_you_rather_30,0.9906802338618022,0.7189747813648262,0.8961752453575283
rammstein_27,0.9807630103907851,0.8919944092469889,0.9493789420860709
heartbeat_45,0.9902411523922874,0.8762688734005647,0.9451192283425929
cuphead_11,0.9977765612925998,0.964210535653897,0.9828687193265969
burnshoes_49,0.9684841272933841,0.7778743914291468,0.9287239363557016
eminem_44,0.9950356287212903,0.9515494948715176,0.9747998547780011
would_you_rather_81,0.9910641402372872,0.9135422281875664,0.9602870281272778
david_bowie_68,0.9957486957631755,0.9466265292561301,0.9743771577600743
qwop_52,0.9945251477112561,0.9173390609919566,0.9616171352552317
rammstein_98,0.995469939601787,0.9500427626130953,0.9772901510868237
gta2_39,0.9604680477866727,0.779707599251234,0.910908133874587
Branda_schmitz_93,0.9967488190101386,0.974717760335731,0.9879152771829489
play_lastofus_32,0.983846849129494,0.8028097421759848,0.9190285074142264
pewdiepie_30,0.9935753867584524,0.7594919232614109,0.9116640222526726
play_lastofus_146,0.9566494537664461,0.40205481548505956,0.7980336851196066
play_road_redemp_49,0.8095514991708476,-4.250505650595442,0.4136446802906489
lil_pump_97,0.9826598415805421,0.8720058165598488,0.9400096787505516
david_bowie_36,0.29796716253343813,-0.1426680231919774,0.16686896920453514
gta1_23,0.9549094930086,0.6677686889463884,0.8930136099975345
50_50_spider_129,0.9844361376560284,0.8864152800286973,0.9520743557116845
play_lastofus_192,0.9899489300343675,0.8891907796737922,0.9494759461112052
gta2_51,0.9889375559645944,0.9457429431671318,0.9741047356957074
vaping_for_the1st_51,0.9949498378542276,0.9260124360199571,0.9658711199918443
fatality_6,0.8639297370602284,0.6552015189351094,0.8446420730225407
gta2_23,0.9832488432358594,0.8019437979916938,0.9250257654085943
Branda_schmitz_15,0.9823179635773494,0.675966220607472,0.8826125071899689
happy_wheels_97,0.6526946672174526,-6.581751340848039,0.6241553463831674
bully_burger_40,0.9776782181961893,0.1666697880632804,0.7728840364708811
would_you_rather_80,0.9978462982732605,0.9595919630415641,0.9810268522821692
granday_45,0.9982048022341606,0.984289028661825,0.9922442425927932
burnshoes_48,0.9933464489487774,0.9502007125049802,0.977803936089382
f_marry_kill_103,0.9870480251093907,0.8012393040450853,0.9235775601648556
cuphead_23,0.9824635698036756,0.8738605188423257,0.9436812891852651
marshmello_29,0.9734409136896206,0.7748090345118316,0.9005072340423217
burnshoes_68,0.8968087938051861,0.6550359886757557,0.8587950875187531
gta2_2,-0.43373721300994605,-7.769503878025644,-0.2792349922903645
qwop_57,0.8831883019968547,-0.230705571885236,0.7014806418353378
qwop_60,0.9914509136716556,0.9386289045311574,0.9714406169624914
pssy_slap_17,0.9918903061424251,0.9237323907157796,0.9657295276885696
Branda_schmitz_26,0.9903142761445791,0.9501239813270005,0.9746126773795204
not_mad_4,0.8498798152292079,-0.525698124293413,0.6122003356888438
whack_your_boss_40,0.9839473674453312,0.7944047881039348,0.9178286700205437
50_50_85,0.8627455755627839,0.35241065546276157,0.7359263904730702
qwop_26,0.9625356831859522,0.5304161817938804,0.8686601197011015
rammstein_54,0.9935683112746906,0.9486770351082421,0.9747443557975353
cuphead_32,0.9982553360082819,0.98370060536944,0.991982232135863
bully_burger_95,0.9907366263337306,0.9034242569537904,0.9556253750705215
gta1_0,0.9967593578645662,0.9480759972633122,0.9757449031604328
flappy_bird_59,0.9914214823495493,0.8295383552122748,0.9349279913804371
play_lastofus_107,0.998221633043496,0.980864482154232,0.9906530421496175
burnshoes_41,0.9819979844435877,0.9536486289881974,0.976912979353969
godofwar_123,0.9852735346782994,0.727016310064397,0.8978758362482683
gta1_39,0.9684041068067385,0.7427405129423528,0.9003501556160022
slipknot_24,0.9787233998668461,0.8365264526384008,0.932027883472168
gta1_13,0.9918157038319096,0.8405831419252102,0.9352739015801391
burnshoes_73,0.992878142386462,0.9579833793551404,0.9793060011740663
TRY_NOT_LOOK_AWAY_8,0.9853184238241948,0.7707579911892506,0.9117058620952704
granday_39,0.9671214342374156,0.3329477339128462,0.778491035653493
fatality_27,0.9959463284881781,0.9314072592054262,0.9687362786789114
would_you_rather_18,0.9933585593666059,0.8168013200905736,0.9357542527334468
slipknot_60,0.9766738925176696,0.05226175498028414,0.766078249947985
vaping_for_the1st_81,0.9896563357125262,0.7929891305168861,0.9147746839102419
burnshoes_12,0.9952675327825194,0.958153275976307,0.9801640202377813
50_50_24,0.9955084554658729,0.9488023483823315,0.9759847955181297
play_road_redemp_31,0.9863727259274898,0.7599659455787181,0.9045364042919997
play_road_redemp_36,0.9181445112096033,0.6065322908570142,0.8285738063383538
TRY_NOT_LOOK_AWAY_21,0.6920602961070437,-17.041159161053262,0.3623473922053162
flappy_bird_35,0.9960743198415661,0.9693942099879688,0.9857848107760634
Branda_schmitz_96,0.9931690243129723,0.9267541040930692,0.9655564895565596
dolan_dark_73,0.987711865080142,0.9363380303570699,0.9670690732379235
Branda_schmitz_100,0.9931434606242323,0.9279463651861423,0.967853170112162
bully_burger_50,0.9567504889053376,0.04216530828323469,0.7591255465945695
battlefield1_37,0.9779456027068256,0.9382205976910669,0.9677656840294541
godofwar_71,0.9946474410567802,0.894348618914419,0.9529689614429012
david_bowie_42,0.999070534130597,0.9795935908542152,0.990016577714589
qwop_40,0.25549502323375706,-4.000243225517531,0.1955600634496686
play_red_dead_174,0.9905456466416095,0.9455872808627233,0.9724461395370264
vaping_for_the1st_96,0.995844912229183,0.9265228485527289,0.9656644292363865
granday_29,0.9274963288233061,0.8376551955691858,0.9045811763426516
happy_wheels_16,0.9974882550563442,0.97043198557563,0.9855390001785612
play_road_redemp_15,0.9874407389989639,0.8670311779709886,0.9406506967216713
play_red_dead_126,0.9840766480032374,0.8662941508301966,0.9411185568801119
pssy_slap_56,0.9894298565907647,0.8373498339992579,0.9316995004309305
bully_burger_68,0.998275501652841,0.974161413577394,0.9873976772023383
game_of_thrones_135,0.9975853114560516,0.9762162732968495,0.988368070236217
gta1_46,0.8941399876604528,0.2528093267315218,0.7569684290858595
Branda_schmitz_60,0.98628812566345,0.8803785676114264,0.9486737560658113
rammstein_63,0.9918592522000292,0.9417269009184669,0.9714194989920947
eminem_42,0.9396368598024128,-0.4762413089514575,0.7522231424660355
rammstein_68,0.985939895415645,0.8908058117291102,0.9504948476712786
fatality_11,0.9861647564606858,0.7971051970368078,0.9153924842354837
play_lastofus_188,0.9774871804777555,0.7277213945651709,0.8960788204573097
Branda_schmitz_47,0.9946244724481373,0.9017710953812851,0.9611940293336275
play_lastofus_62,0.9794528309675835,0.5232955404398673,0.8421308229311646
cuphead_31,0.9753692084355394,0.7564458468875652,0.8951058473175204
play_red_dead_86,0.984498190587876,0.7814126052777957,0.9111055091330542
50_50_78,0.9878015088313549,0.8511662573633924,0.9362906813141625
pewdiepie_128,0.9814266319612633,0.7234905594248642,0.8997864280008188
david_bowie_29,0.9799274756930613,0.7936486957742739,0.918963122396336
flappy_bird_79,0.997108440960714,0.9741019171347506,0.9873807289520693
japanese_show_40,0.9960430125878194,0.9604319493757906,0.9810783770930371
fatality_23,0.9961472264966109,0.978860890321881,0.9896722488760233
lil_pump_128,0.9682880982043609,0.7015727250218763,0.8867433994165614
godofwar_3,0.9814217895141314,-0.6735899416424539,0.8000191842093312
eminem_46,0.9902725090455857,0.9539943713498185,0.977501814855084
gta1_37,0.9799006302163266,0.8346001955165547,0.9335145239780147
50_50_4,0.9399245776623201,0.8403272119776097,0.9269468619524632
fortnite_115,0.9939447449385341,0.9580172683024777,0.9803041778338298
whack_your_boss_125,0.9872054656303911,0.9332627764088353,0.9690135312427831
happy_wheels_78,0.9989819576899573,0.9788034261892221,0.9892062624404735
burnshoes_92,0.9903114534043108,0.9256457564962484,0.9645966298073831
Branda_schmitz_84,0.9962641291102788,0.9617400180728933,0.9816818149945892
would_you_rather_44,0.9665295098879957,0.5309864549687495,0.846323481129551
qwop_49,0.9974264482874755,0.8848168265634201,0.9484742878063492
bully_burger_53,0.9943099225268784,0.9522536846514381,0.977247741531645
happy_wheels_63,0.8782710488749385,-2.36372093450187,0.533644527821901
david_bowie_13,0.5080136122415659,-1.9201504133623504,0.3974923431171956
japanese_show_62,0.9897608979369094,0.8590596677584269,0.9392345160087835
whack_your_boss_120,0.9936585465125474,0.6732764565773549,0.8955902146040372
qwop_86,0.9879854009157887,0.9321780605767442,0.9707551186249261
rammstein_67,0.9107525085277968,0.5869176629473466,0.8634314992019863
cuphead_24,0.9412675864944507,0.8628169328694741,0.9296347203305411
play_lastofus_212,0.9916131808251873,0.9036823306101438,0.9562878643750514
godofwar_67,0.9092621071049748,-0.41736904973796707,0.7134938597754886
david_bowie_38,0.9949026902610965,0.952578725757807,0.9782440628480138
would_you_rather_63,0.9842578400493076,0.7904813739172251,0.9104352582062767
pssy_slap_60,0.993873998351136,0.930272744357727,0.9672450604425841
eminem_146,0.9932356106415869,0.9459017312693646,0.974945169985874
fatality_0,0.9933224000002939,0.8440721391778985,0.9374351097899932
dolan_dark_105,0.9965658159381263,0.9486096799270177,0.9761419516980179
japanese_show_50,0.8487985390304628,-0.10371462359482614,0.7048836729848398
godofwar_4,0.9901885863598504,0.8767094933111855,0.9456640576629481
pssy_slap_85,0.9828667110141925,0.7725311023662224,0.9040601995852812
eminem_142,0.7010401253313426,0.28412452406146066,0.5862045104639492
50_50_95,0.9866866099551568,0.9353454613518745,0.9724657937224301
japanese_show_33,0.9912792779127036,0.7387220686172556,0.9149829890234072
play_road_redemp_53,0.9413489454798991,0.5891092052764723,0.8715550634374635
battlefield1_28,0.9915526919552743,0.9169347065720359,0.9632860889315316
burnshoes_4,0.9851971776018579,0.8768836570968764,0.9483422292890787
TRY_NOT_LOOK_AWAY_31,0.9532738682982842,0.7816155779765314,0.8993062222250374
gta2_11,0.9852067302955438,0.8612027973410076,0.9411301586343024
TRY_NOT_LOOK_AWAY_30,0.9685609396306353,-0.8595846979615684,0.6444967260357578
lil_pump_43,0.9368300118866857,0.6723904055305345,0.8551390441097901
f_marry_kill_67,0.9943080260737466,0.9162306235893078,0.9616572224705089
play_lastofus_223,0.9885347395266721,0.903510870594679,0.9563458648377529
overwatch_39,0.9918752132990847,0.9398664440861475,0.9713861318958934
japanese_show_28,0.9905176211798427,0.8071875548535973,0.9204939605670961
50_50_45,0.9773262027747855,0.9117027404725939,0.9571484948477298
heartbeat_23,0.9676826990639519,0.24566395377071323,0.797000104782744
TRY_NOT_LOOK_AWAY_25,0.9487077236357203,-0.4523821445341526,0.7151094017269944
godofwar_10,0.9857157419490468,0.9121254543992099,0.959419282883281
granday_32,0.9976484032619021,0.9800559509603424,0.9884388240874432
play_road_redemp_57,0.9366585126268268,0.6575283078327192,0.8659813384259674
50_50_74,0.9854264331654423,0.9516040696683289,0.974050567072558
overwatch_28,0.9144195778630632,0.8166089148210286,0.9083530224249314
50_50_48,0.9953260343143399,0.9410544632023066,0.9721809390173868
esports_97,0.9947382583378469,0.9386846263928507,0.9710178455230667
flappy_bird_106,0.9977085304548499,0.9824143212822273,0.9913459187630043
japanese_show_74,0.9829842171108587,0.8546694694847419,0.9390556456469153
flappy_bird_9,0.9972537385239766,0.9635724240907015,0.9825721974140041
would_you_rather_62,0.9893143733124657,0.8219234271780438,0.9259816675323359
dolan_dark_5,0.9800088291762173,0.8727411094504939,0.9375629592939881
david_bowie_30,0.9921227759084968,0.8590934062606982,0.9416680793054483
Branda_schmitz_77,0.9948074164876795,0.9264362282686236,0.9676319029051909
fatality_5,0.9993090944745182,0.9687988185529154,0.9851870134323126
marshmello_89,0.9785112166253394,0.8601985943049338,0.9381193879133783
play_lastofus_66,0.9900567646007684,0.9440984898430144,0.9744761442868826
rammstein_85,0.9978150268089492,0.9913852321304826,0.9956381660370524
Branda_schmitz_76,0.9912492934653369,0.9078258217229687,0.9597172245271688
qwop_65,0.9963940048721205,0.9760807420368515,0.9887279090342934
bully_burger_26,0.9973253585822593,0.9420219787104297,0.9738005659698629
burnshoes_15,0.9849389443510729,0.9204353894853605,0.9607190510932543
battlefield1_50,0.7181620831743508,-0.04938728795339661,0.6603238535112129
david_bowie_109,0.3077981256252871,-0.04307798884273085,0.2549607980650331
cuphead_21,0.934121680719275,0.4755967840432697,0.8187316574317881
rammstein_114,0.959486839456494,0.29827131398854445,0.8214767660727001
qwop_44,0.9923201040936954,0.9401201153577488,0.9717775315648569
battlefield1_23,0.9906393488892211,0.8222369793765149,0.9275084228259274
would_you_rather_19,0.9634542105598882,0.49259273412072235,0.8309666583797909
rammstein_101,0.9972259546935787,0.9742971422245461,0.9874313749461603
gta2_61,0.9979903503383494,0.9783571646660306,0.9891663510342185
qwop_46,0.9873199829195652,0.24170064817926365,0.8020378151804612
cuphead_63,0.9962667115581858,0.9748539417568812,0.9877701827331661
burnshoes_20,0.9911016205185778,0.826998555764678,0.9287170823875637
happy_wheels_19,0.988424518089725,0.9547332963758516,0.9748787026267552
play_red_dead_8,0.9888149059265425,0.828490548607456,0.940289673511622
play_road_redemp_41,0.9953419866245907,0.9487745292334224,0.976808760332157
granday_55,0.9746608865046614,0.836453082195079,0.929107548379845
japanese_show_84,0.9939709385011515,0.9143531458776639,0.9609806933949563
qwop_41,0.994893798584038,0.9463692283789593,0.9728335082029899
cuphead_29,0.9978838431276165,0.9866840334912128,0.9935929243988803
david_bowie_17,0.9977878198325926,0.9776772764961132,0.9893607280361303
heartbeat_43,0.9973295662945345,0.9726576867941027,0.9865435789284299
battlefield1_46,0.9915315887177086,0.9262113275471453,0.9671341732232053
dolan_dark_109,0.9923940189324097,0.9516017450086144,0.9758225905318734
dolan_dark_67,0.9036040700399243,-0.28998782325078226,0.7320031172325762
Branda_schmitz_27,0.9587993089414514,-1.4444410410195732,0.6706151366934934
play_lastofus_43,0.9817907429214585,0.8006934333299823,0.9184395144355427
lil_pump_65,0.9648794780046677,0.7333362337545846,0.8859848435449547
happy_wheels_91,0.9949739239167336,0.9545598096414892,0.9776814830270214
50_50_104,0.9902770008365341,0.9426160656877629,0.9740657714701041
Branda_schmitz_106,0.9883140699683854,0.8045461380971286,0.9224988858474429
play_road_redemp_18,0.9729102296042564,0.8506705091173267,0.9311282422654859
play_red_dead_103,0.9540258319791174,0.8453144366032131,0.9257625471261914
slipknot_52,0.9590654084835704,0.3204979921135363,0.8195581407007146
f_marry_kill_6,0.9889382691638838,0.9167167762652428,0.9655182703874444
fatality_24,0.9890928541818051,0.899090770658295,0.9536740884430114
heartbeat_62,0.9893900473042254,0.914065465536955,0.9625828321780926
TRY_NOT_LOOK_AWAY_9,0.9808458375879926,0.8252847788950769,0.932753407078205
fatality_15,0.67632619218401,-0.831810344717,0.6009597591447641
juice_wrld_65,0.9965181619080995,0.9505947770782517,0.9763331944222688
david_bowie_53,0.9833981418265925,0.8447742605988795,0.9367592862368985
heartbeat_55,0.9907651169592172,0.8541615562747783,0.9375478515214533
dolan_dark_76,0.9264830762239553,0.20746746335150332,0.860721461498592
play_lastofus_166,0.8855525348637782,0.3710753539795579,0.8325929185006958
overwatch_4,0.9925635171346086,0.9506545905595548,0.9766608840238138
gta1_19,0.9947636181341133,0.9268310076487108,0.9659034932376706
eminem_144,0.9982305288000983,0.9804560516800844,0.9905422713667802
fatality_2,0.9983099651468957,0.9707449726953085,0.9858716948814937
gta2_20,0.9940801274930453,0.9481998830479391,0.9746563893947624
david_bowie_97,0.9622175008614886,0.34284577934963184,0.7938783838702744
gta2_33,0.9933550478955362,0.7959227312837834,0.915034244738982
play_road_redemp_50,0.9888586063661057,0.9044079320034353,0.9621467006068721
Branda_schmitz_112,0.9953167969535393,0.9464940294796459,0.9755966213319547
happy_wheels_99,0.9833368651357448,0.8963595730875227,0.9497936712192382
kda_27,0.9921019947937122,0.9229404778297009,0.9638134199663893
would_you_rather_83,0.9821292078599086,0.8835538543747369,0.9480016561423857
f_marry_kill_14,0.9841196020714815,0.836273377835837,0.9274672469346502
gta2_66,0.8624483812078568,0.5831742788619586,0.7580597269171735
granday_34,0.9524583348174289,-0.5098037480412373,0.6879094979865894
Branda_schmitz_102,0.9944170132719904,0.9644346386023938,0.9831881942705696
Branda_schmitz_103,0.9960996758256606,0.9553409427829054,0.9786910081051022
play_lastofus_82,0.9684068407216754,0.3311684822162222,0.7942806480411748
fortnite_114,0.9949345818498369,0.9511582070886663,0.9789060625131131
fatality_22,0.9923002472994839,0.9418355220126812,0.9725893123604472
godofwar_94,0.9966096618408004,0.9190106821972642,0.9640275249895321
david_bowie_67,0.9920671440531483,0.9468194514849785,0.974495056675175
50_50_spider_126,0.9951544947444485,0.963010302997495,0.9825574324469595
david_bowie_59,0.9978623792074472,0.971837180968291,0.9861527143856111
vaping_for_the1st_9,0.9845722805511881,0.7066337133112838,0.9044977524525006
50_50_27,0.9917980756307162,0.9049655305969815,0.9591882129504736
dolan_dark_135,0.9951576998061747,0.955004591460057,0.9780470585828105
not_mad_18,0.9924817938903274,0.9317799772562089,0.9686991923410424
TRY_NOT_LOOK_AWAY_18,0.9945140494287269,0.9567938652386222,0.9795901130457735
play_lastofus_30,0.9931995306905398,0.9274499610777098,0.965590198914089
play_red_dead_140,0.9888265065256919,0.9557491101791237,0.9789881674813472
cuphead_68,0.9974094262709664,0.9815539034840622,0.9907523917538551
godofwar_74,0.9795384976581355,0.6703254669170232,0.8990366716905012
dolan_dark_75,0.774219663172105,-26.681079611015317,0.2748448872153311
play_red_dead_56,0.9516945959389849,0.46017230734890924,0.8333982848769275
Branda_schmitz_70,0.9967436979399004,0.9727584794424752,0.9867881253935111
japanese_show_17,0.9704997402945515,-1.2043705548873966,0.7457367195713953
Branda_schmitz_52,0.8670404458284362,0.5329236437769056,0.7863014580003677
qwop_21,0.9065489319640625,0.45943968017495207,0.8041690698524102
flappy_bird_14,0.9952847937116226,0.9467240522907864,0.9752635070801772
pewdiepie_150,0.9983924739436114,0.9780730045832765,0.9892951995109036
50_50_spider_110,0.9974375789675776,0.968027565265989,0.9840270667688528
fatality_4,0.997490395187985,0.9732207029064979,0.9869750450056568
Branda_schmitz_66,0.9958407160046285,0.901818383892409,0.9592132147262858
would_you_rather_32,0.9928904746792099,0.9405118835231306,0.9719917788841086
japanese_show_85,0.974931474869461,0.48120989918440227,0.8259087985563202
play_lastofus_134,0.9986492893740981,0.9915305014767478,0.9957631222020866
would_you_rather_28,0.9831531016379763,0.8664490344088689,0.9381862644275496
cuphead_66,0.9877153902008072,0.8363477442528555,0.9351833985110951
50_50_spider_98,0.9981702196843878,0.9795256386804054,0.9900123588806989
gta1_22,0.9909674393138896,0.9232125038712408,0.9637332592337022
50_50_spider_52,0.9959749287132558,0.9853918444650239,0.9927056398775193
play_red_dead_93,0.9715705276292221,0.8798326808076424,0.9448840796329003
gta2_53,0.9921816687133092,0.9275220693668969,0.9669968795356916
would_you_rather_82,0.9986349746558493,0.9826549944081213,0.991776457458037
bully_burger_58,0.9925145874760172,0.9592808344293754,0.97944210939753
flappy_bird_49,0.9639504592725912,0.3314021190140491,0.8131736706147046
not_mad_15,0.9945377063585926,0.9099896986700738,0.9598786736574458
slipknot_69,0.9818068732539702,0.9046977533119938,0.954254774907668
gta2_41,0.9925235034610078,0.7083068531599978,0.8898107818943778
qwop_67,0.9962078612674575,0.9753124472158616,0.987754868921092
marshmello_87,0.9960218737011107,0.977518407783894,0.9890095457042919
play_lastofus_69,0.9972648024744045,0.9787331798835849,0.9894924341810508
japanese_show_38,0.9986631317071829,0.9925353742945777,0.9963248464090465
lil_pump_60,0.9633073749924312,0.8310835206471409,0.9269135849611436
flappy_bird_91,0.9767882751700184,0.7475988021582062,0.8899987383804038
gta2_52,0.9878801261044955,0.8828464456927843,0.9459624003900745
50_50_spider_31,0.9995414209514482,0.9933701747837737,0.9966807135216371
would_you_rather_20,0.9934358437398798,0.8865902948886786,0.9519416262989665
whack_your_boss_10,0.943989253977161,0.6424120349843576,0.8517050610597612
play_road_redemp_56,0.9955902870228155,0.9443515270183275,0.9740148964233615
overwatch_55,0.9904796639469009,0.8789009189458092,0.9484472145892263
granday_31,0.9869807668704424,0.8367686337329799,0.9374622298552403
burnshoes_34,0.9870914516415898,0.9105232410914341,0.9578315188916104
eminem_149,0.9973556465228173,0.9877667938045419,0.9939741363120046
cuphead_0,0.9924039392669046,0.7879860874345614,0.9249612920804899
lil_pump_72,0.9791768079546666,0.843450653034012,0.936129565331122
50_50_spider_82,0.992652176247644,0.9260222139700692,0.9665663062580963
happy_wheels_26,0.9880906627717035,0.9318336611807954,0.968447906068857
happy_wheels_64,0.956733830437859,0.7997103280389619,0.905274864499328
overwatch_34,0.9963211586596062,0.9784033453119027,0.9893342468839302
burnshoes_51,0.969506898865974,0.7405004198795534,0.892163305370475
play_lastofus_202,0.5727003705703042,-6.725542545434895,0.45602482607496797
pssy_slap_76,0.9919048640957673,0.9312431576035124,0.9674295496859324
play_road_redemp_38,0.9919136694465558,0.9531411419831332,0.9773984645028566
flappy_bird_51,0.977522036026458,0.935760082381192,0.9702202998407123
gta1_7,0.9324061131324862,-0.9530559915640999,0.6388019798995864
bully_burger_32,0.9518383647857651,0.5030641024594928,0.8150504920812176
gta2_26,0.3966657788630503,-3.740601912755147,0.4562540956034444
gta2_54,0.9947873094784468,0.9481450463650539,0.9761593814178565
play_lastofus_73,0.9539249973834762,-0.7740043851251013,0.6664885948541519
godofwar_50,0.989386491670179,0.9005385851948041,0.9532683726378359
david_bowie_64,0.9957462263827587,0.9735854861244542,0.9871000511654562
flappy_bird_94,0.994378742884144,0.943565676539322,0.9730035333151745
would_you_rather_17,0.9946943033166479,0.9547371822709302,0.978705553927768
godofwar_108,0.9107824328489623,-0.29626136388277985,0.6745238799983774
not_mad_13,0.9344969121106266,0.36186883453798413,0.7821086610944656
flappy_bird_33,0.9906547222123382,0.6945991445272935,0.900916731185072
Branda_schmitz_36,0.957975750269811,0.7899814529115747,0.9180691107091593
eminem_71,0.9933611665230789,0.9140877576497296,0.9614535127617895
play_red_dead_116,0.9544347166325247,-0.5040084158454196,0.7055034812237214
qwop_62,0.9960734812131912,0.9813213100505064,0.990775620972241
flappy_bird_71,0.9698731079367856,0.6355551789579343,0.8570488640894278
game_of_thrones_127,0.9950404665644917,0.954021165690651,0.9785755527057853
rammstein_29,0.9895146787466049,0.9301738269836166,0.9679103050961532
gta1_20,0.9920180175418961,0.9183476071559985,0.9618998935745292
rammstein_33,0.988616539427419,0.8997370129746148,0.9575715727431067
cuphead_38,0.8905936676613175,-2.6861894477058534,0.5326231780136709
granday_57,0.956633831583664,0.8012496540204659,0.9079435702092388
Branda_schmitz_40,0.8040956702575546,-0.2942229075679014,0.7215866871056247
rammstein_146,0.9969110333725502,0.9637728351461798,0.982459577398841
dolan_dark_31,0.9959230865597877,0.9444577230986987,0.9732240751392803
heartbeat_37,0.9792052761288781,0.6976701585655629,0.886299487002565
eminem_88,0.9978323722241232,0.9701780120610295,0.985938637237389
lil_pump_31,0.9459402859150767,0.05307447704039172,0.7472777223936306
Branda_schmitz_28,0.9925283694394382,0.9299661249184548,0.9697314116852065
game_of_thrones_136,0.9912506876677486,0.9725583572775769,0.9862559831013052
heartbeat_22,0.989500053601577,0.9452465353934126,0.9743975324075999
fatality_14,0.955093735807617,0.832981002709011,0.9164463678281035
godofwar_80,0.9690945056306773,0.6830443083685555,0.8770181642293347
Branda_schmitz_91,0.9882759741759293,0.9008223259089273,0.9546885396319061
qwop_15,0.9645158941259497,0.5661712700876658,0.8755861962706843
play_red_dead_141,0.8061551006416994,-2.534731222659466,0.6769917688846956
fatality_17,0.5230687608434816,0.31280702145590683,0.4429409190988055
godofwar_60,0.9955238155135554,0.9761684829028,0.9883689628937828
gta2_44,0.9281368852069403,0.7872242282923102,0.8934180298494776
flappy_bird_23,0.9915042370119731,0.890403873663561,0.9514458462355139
granday_22,0.9973846134709724,0.9759397442266939,0.9884476352754202
Branda_schmitz_114,0.9756783895155918,0.695765678620009,0.892569918534148
granday_36,0.9738913292658623,0.9260027634438232,0.9504084399125365
heartbeat_3,0.9539634619597837,0.6578939425428407,0.844365725118077
flappy_bird_47,0.996561032227817,0.92220370929513,0.9657999086216662
fortnite_104,0.9977405395532047,0.990539706497481,0.9953666653837203
eminem_25,0.9944226920179288,0.9485286791362133,0.9762561594870801
play_lastofus_218,0.8225085425996372,-3.297046902520217,0.6129421013564107
play_lastofus_133,0.9879407999428236,0.9461736961291135,0.9727190391149503
lil_pump_30,0.9974230302357606,0.9789799209980294,0.989649526169839
marshmello_83,0.9985665188153223,0.9859328084479284,0.9929369760826292
would_you_rather_37,0.962828205174738,0.6911124894943511,0.8889450603327285
would_you_rather_33,0.9733346635333624,0.350399928999658,0.8491662520605342
slipknot_70,0.8965325531134688,-1.527601297556758,0.6658475047232716
play_lastofus_219,0.8960694672216987,-0.09498501088915136,0.7127858980976666
flappy_bird_56,0.9956187461510251,0.9881629753482222,0.9939734309982963
cuphead_35,0.9960033095758125,0.978100934742234,0.9888136860339463
50_50_87,0.9375055193992236,-0.34341905655341814,0.7334032743587308
slipknot_122,0.9561627391396607,0.34219867263963016,0.790448157909736
heartbeat_28,0.9718351688115052,0.6817881081445806,0.8979608906751578
Branda_schmitz_74,0.9884720246642414,0.9200508754075796,0.9635363195836354
play_lastofus_23,0.989385322754035,0.9042834145651174,0.9551742040543172
would_you_rather_49,0.9936634156982558,0.892174647668391,0.9506365484743113
50_50_106,0.9919003031843523,0.869736970634232,0.9432922488589385
game_of_thrones_85,0.9965505459701938,0.9701831834985906,0.9854536866732305
rammstein_14,0.996389541572706,0.9806901768661026,0.9905427322605964
granday_27,0.9730065192418715,0.8999347690607554,0.9486222519123658
gta1_45,0.947604195439094,0.6839301885149716,0.864351425288923
50_50_70,0.6224803970390738,-3.150216042279892,0.4421396169636814
qwop_64,0.9534405349635815,0.10693882496979178,0.762289781697615
granday_46,0.9718516326838688,0.7724070385064233,0.9138440481737539
gta1_17,0.9745459494772036,0.7883133544564481,0.9127964988800269
japanese_show_52,0.9966166512310471,0.9743214689924214,0.9874966454000728
Branda_schmitz_32,0.9751406504537337,0.725623336259454,0.9048533652076621
would_you_rather_64,0.995753355854444,0.9555319303121408,0.9784779683975421
qwop_39,0.9086560337220152,0.21873611474439703,0.7483207473192359
david_bowie_106,0.9977609960515356,0.9714542016977722,0.986610117528949
eminem_66,0.9734868765824316,0.651660517661151,0.8733716415581627
Branda_schmitz_121,0.9956479123679881,0.9308356923528965,0.9680061615170311
Branda_schmitz_99,0.9976115436952423,0.9756483610690285,0.988425660734695
japanese_show_59,0.8504176907918475,-2.1895600276169036,0.557713850112527
godofwar_34,0.9887476513812087,0.8990102662804275,0.954934832826714
gta1_34,0.7824630286674886,0.3873398617531073,0.7563719795663889
cuphead_70,0.9967275091291434,0.9720248595206343,0.9863015545230787
japanese_show_75,0.9958148913006554,0.9113056587561758,0.9596237859366793
godofwar_79,0.9961743115507558,0.8433854221652775,0.9338263074587516
play_red_dead_69,0.9065670982314302,-3.081786539394922,0.454338037266733
Branda_schmitz_44,0.996651652513379,0.9710237408641698,0.9855883177603201
gta2_59,0.9831592257950338,0.9007547802411677,0.9551970330235556
eminem_27,0.9993347760272624,0.9680635127141048,0.9847151380005138
flappy_bird_78,0.9915425118244809,0.9385858685695305,0.9705492729727527
pewdiepie_46,0.9993388904440333,0.9809001741488037,0.9905738194603552
godofwar_44,0.9949661002591389,0.8807533669820896,0.9470829136238609
TRY_NOT_LOOK_AWAY_26,0.9935107393227318,0.9280030010869723,0.9676994705716624
play_lastofus_220,0.982343087390904,0.7161921779248903,0.893957118058958
happy_wheels_95,0.9439868569853486,0.3700278570133106,0.7910139949523205
50_50_58,0.9858767624698516,0.8566466472655433,0.9394056289782512
flappy_bird_31,0.9990245433628159,0.9907679486202213,0.9954735861582015
granday_20,0.997152036102491,0.9847916984301048,0.9923097491230538
pewdiepie_104,0.9829683353267434,0.6905562644472045,0.8962139399675784
whack_your_boss_108,0.9825161482185609,0.700447896556521,0.8981500747787983
50_50_46,0.9580245561789864,-0.02634424162827466,0.7447522499616109
slipknot_46,0.9956249886103897,0.8750878786190395,0.9484209282089688
Branda_schmitz_31,0.9668755400451401,0.5218666265045598,0.8404985022328717
qwop_92,0.9570005891376103,0.554672934346728,0.8573498342623412
happy_wheels_42,0.9924731269126262,0.9354683967889096,0.970299732800355
godofwar_72,0.9713130360350605,0.8163573143706421,0.9188318536243958
godofwar_119,0.9988628689298492,0.9858314275062708,0.9927672183093919
dolan_dark_14,0.9940223582731567,0.8648667236766757,0.948163544610399
battlefield1_4,0.9939885589122875,0.9076584707913337,0.9577471470620051
david_bowie_16,0.9696127871730639,-0.39618581288503407,0.6883803941577326
flappy_bird_72,0.9744229581206486,0.5707763099031348,0.8685019921687133
battlefield1_25,0.9500666103059863,0.07879244002189341,0.7991247253211148
play_lastofus_100,0.9983975399478717,0.9875853373538057,0.9942113195905449
flappy_bird_54,0.9974067142032909,0.9832945645797595,0.9917986913203928
play_lastofus_123,0.9957026717971784,0.9619588044625998,0.9815586393876098
vaping_for_the1st_15,0.9418222210072412,0.1334094734267299,0.7779780042102851
Branda_schmitz_41,0.9294568933825857,-0.2903745064340068,0.6837612531534535
qwop_93,0.3003000266305012,-36.50556108556933,0.25606441790436785
gta2_29,0.9561832979145152,0.099499945450435,0.7946656375472166
Branda_schmitz_117,0.9895599338311762,0.9084092716656705,0.9583294943817418
50_50_77,0.8306101654127731,-15.769021923421898,0.39723971819051673
dolan_dark_90,0.9784707304393644,0.749704517570932,0.8926479365194502
rammstein_104,0.9896607859681756,0.8779935603797031,0.945378535010153
marshmello_69,0.9914740192645439,0.9027257362153811,0.952924551537339
Branda_schmitz_13,0.9886408476300819,0.7581283876948137,0.9063362019462531
godofwar_47,0.9926610758001041,0.9070255236783896,0.956942663711797
overwatch_58,0.9979521676253497,0.9774490621902301,0.9889456429429236
rammstein_62,0.9926208685147643,0.936799115379859,0.9717544233732296
flappy_bird_110,0.9886313732374922,0.7680246268970691,0.9079540995546305
would_you_rather_61,0.9879386107023567,0.8374962703549155,0.9280633161698136
slipknot_101,0.9919066599403852,0.9121417250949946,0.9588236635329322
50_50_61,0.9717673916180773,0.9244477060538882,0.9641345502131101
gta2_60,0.978599426248125,0.6979294976224448,0.8873614909693849
eminem_84,0.9896252067484913,0.9291298873412385,0.9683051648409403
50_50_100,0.9778293087800566,0.6809821160380737,0.8933320797702512
rammstein_113,0.9946801504366898,0.9687409724517192,0.9849140110175516
would_you_rather_36,0.9914573804264633,0.8478469632508675,0.9427230909067219
flappy_bird_98,0.9985229307085747,0.9773407885909442,0.988973611306723
play_red_dead_62,0.9541856727741166,0.5432241242177204,0.8347636218681869
bully_burger_69,0.9812665880874587,0.5801231302857784,0.8584390853748862
happy_wheels_51,0.9900052437982954,0.7980972681916094,0.9227981843060632
vaping_for_the1st_93,0.991069980796152,0.6241229433280251,0.8773899217276838
happy_wheels_44,0.9626482211481241,0.8498459035377166,0.9307787022829401
Branda_schmitz_82,0.96752108683766,0.6394008940137504,0.8649247294536966
f_marry_kill_39,0.9887843475229996,0.9319193595370898,0.9681636175575075
bully_burger_78,0.9939103128655339,0.9054052257684453,0.9564776557217134
burnshoes_74,0.9879072299527155,0.9185522237319677,0.9615565394021721
f_marry_kill_100,0.9935675654716186,0.9641014905238766,0.9834838073841177
heartbeat_64,0.9809050483790471,0.8636515214665732,0.9414334598223741
vaping_for_the1st_92,0.9951393030624968,0.920062386497866,0.9631919467560429
50_50_65,0.9725124007586594,0.219206546816308,0.7839154191233532
godofwar_87,0.921089243813062,-0.8576182923955183,0.6292241648883927
play_lastofus_165,0.952283084691842,0.4800507025736631,0.8201771543661175
would_you_rather_65,0.9944447555934118,0.9580250387805658,0.979900164498624
happy_wheels_65,0.9967006475409391,0.9829690623127649,0.9915623073047778
Branda_schmitz_11,0.991630982451288,0.7587434178313281,0.9041040189126487
burnshoes_7,0.9622553094799041,0.34211390999177455,0.7998690255490416
rammstein_89,0.9859796493085965,0.7944768444257341,0.9161819817710205
Branda_schmitz_69,0.9941183160286821,0.9416161124999504,0.9733628652967903
flappy_bird_44,0.9791839933808213,0.6328272620916806,0.884981428284561
Branda_schmitz_107,0.9937005420411844,0.9622175415563315,0.9814064667436565
battlefield1_8,0.9730212420143249,0.85177111319378,0.9306086510640598
gta2_55,0.815488363366574,0.016336420448875934,0.6895719407418126
vaping_for_the1st_100,0.9884107201126774,0.8951522301321116,0.9545365435471674
whack_your_boss_66,0.9944107673911472,0.9736113340635668,0.9867512007379872
eminem_12,0.8039929975982141,-0.26891118706686473,0.7022486270959404
vaping_for_the1st_32,0.8554232645090991,0.431214633143595,0.7844454839276418
burnshoes_25,0.9909754337129995,0.74088609724263,0.8979595473842772
pewdiepie_53,0.9994167373208722,0.9896551121604742,0.9950184129070349
play_lastofus_86,0.8869618301054569,-1.39825671229891,0.5913362638707329
play_lastofus_153,0.9897698673043377,0.8304989451770535,0.9374363105009691
bully_burger_94,0.9712167150231535,0.6897242006463736,0.8779106585375195
gta1_21,0.9933810838996507,0.9514716180197944,0.977108939971027
godofwar_96,0.933437369499339,-0.30504535757333834,0.6879153775345284
flappy_bird_32,0.9981358428410734,0.9858666688335158,0.993052530118777
qwop_61,0.9982541713559252,0.9813556154506148,0.9911282756185692
fatality_8,0.9558155949585441,-0.05266042483594762,0.7463853994395435
gta1_16,0.9922699721078073,0.9614046410260695,0.9818286678764505
gta2_19,0.9893896265439357,0.9221761881545834,0.9647532318951378
whack_your_boss_103,0.9962190889627622,0.9778504636742863,0.9893828221405626
slipknot_55,0.8601894087650279,0.6556195226659792,0.8336138630115687
david_bowie_94,0.993534133302575,0.6989299013442545,0.9072414384375697
happy_wheels_83,0.857428657580733,-1.1450479036370182,0.5478541285751228
qwop_42,0.9622351769170416,0.793408316473213,0.9138669412818129
would_you_rather_35,0.9948976294733177,0.9628018168148966,0.9817414435639078
Branda_schmitz_61,0.9846405174062623,0.8596327262668676,0.9350968127155582
flappy_bird_34,0.9994472257802505,0.9854944939183302,0.9929966968192757
godofwar_68,0.9769466303981896,0.44264016871377926,0.8735311288470197
play_road_redemp_14,0.9058325527509669,-0.5729499193174089,0.6928740086903554
eminem_145,0.9911652900141927,0.9289354321194986,0.9667060602018706
TRY_NOT_LOOK_AWAY_27,0.9713042972907807,0.7321429789518861,0.8974259562170833
marshmello_100,0.9960350818996576,0.9638778483318575,0.9827073428496312
godofwar_54,0.9819901908117674,0.7167388595800404,0.8928717617846477
battlefield1_0,0.9761697411040274,0.8813988547875735,0.9464157891422169
rammstein_123,0.9969673767398004,0.981372347608976,0.9907818052451004
TRY_NOT_LOOK_AWAY_20,0.9809939567023913,0.7970801237891567,0.9147880156195821
david_bowie_84,0.9981992971376151,0.9663193028347021,0.9841583141531827
david_bowie_105,0.9968885896324118,0.909526416708556,0.9601655811816708
f_marry_kill_25,0.992735081899807,0.8697144514882555,0.9481938764751254
play_lastofus_102,0.9694202322914904,0.17967441771317047,0.7682130635477978
not_mad_64,0.9914116171823381,0.9277147575528444,0.9670842253704734
dolan_dark_89,0.9966026412066674,0.9365056855289796,0.9701744882557641
godofwar_37,0.9015080950969644,0.03361446027825001,0.7376250903052344
Branda_schmitz_101,0.994289645066005,0.9593282310019694,0.9813977037737045
play_road_redemp_60,0.9951445630518069,0.9493888653698883,0.9770909877439911
would_you_rather_34,0.9991281458786317,0.9917404600012351,0.9958973534676621
TRY_NOT_LOOK_AWAY_4,0.9817109356948915,0.7831243317672358,0.9152446690829916
f_marry_kill_73,0.985429646856157,0.8644489341460438,0.9426387724319221
heartbeat_61,0.994974507630341,0.9558342874961318,0.9785216545411378
rammstein_34,0.991307823130893,0.954128197270981,0.9781061663167364
dolan_dark_22,0.9901728435552175,0.7884309089917784,0.9333926288884354
play_red_dead_114,0.8538075853883602,-0.9652967685251176,0.6981026913109869
pssy_slap_15,0.9703853377353809,0.8276230378072239,0.9217312689113495
play_red_dead_36,0.9905751909076574,0.8610767481836407,0.9467634941826878
would_you_rather_5,0.9900653120856694,0.927115850836201,0.9653522233197763
rammstein_22,0.9916866663403223,0.9351913662240208,0.9698449922770669
david_bowie_18,0.9983618692350245,0.9811228596739201,0.9908799734524604
bully_burger_93,0.9912891107834007,0.88762838835163,0.950347231000959
david_bowie_69,0.9931858394563524,0.9253194287134145,0.9652531649606475
eminem_31,0.9952518870152836,0.9720325952904525,0.9871333177964065
qwop_63,0.9323789831240517,-1.9761646274754423,0.652001232931257
japanese_show_44,0.950902202152053,0.4388061696386218,0.8229115770954083
whack_your_boss_14,0.8931211354897003,-0.5961253952928001,0.652630897818296
play_lastofus_205,0.9946315804185629,0.9275128615995955,0.9663727708915006
game_of_thrones_29,0.9522331698751616,-0.5892302252902009,0.6918999559544786
50_50_64,0.993259341796107,0.9744215059077302,0.9871865059066703
whack_your_boss_16,0.8689274415112973,-3.281378091334751,0.5342128736024243
gta2_3,0.997000310230538,0.9728202060009357,0.9873953068696744
Branda_schmitz_95,0.9869540297610409,0.7872310880689094,0.9124528615471247
happy_wheels_34,0.9922195821797727,0.9642886714461317,0.9825057597269624
dolan_dark_104,0.973730863434258,0.24216085415503932,0.8114590435256773
david_bowie_85,0.9945238637443972,0.7108535804962304,0.8938783892634511
gta1_1,0.062132840351588385,-518.4256316265852,0.00993528807956737
burnshoes_36,0.9848451439379777,0.9404730108605216,0.973838139767292
qwop_53,0.9736038786923532,-0.41880845583055604,0.6931560587880632
f_marry_kill_43,0.9953435136604095,0.9652131598307342,0.9839747734045768
vaping_for_the1st_37,0.9969217826230532,0.9844321281964893,0.9923287536607329
bully_burger_54,0.9939215627081146,0.9403915158563616,0.9718348742284375
game_of_thrones_16,0.9977442000126062,0.9646289072099726,0.9828362252655258
qwop_38,0.9844333121538651,0.8349647999167177,0.9320246786006816
cuphead_58,0.992749248744088,0.948166963262598,0.9748804500919972
rammstein_49,0.9953332719396287,0.9483358615088923,0.9750940081764202
