frame,triangle_0,triangle_1,triangle_2,triangle_3,triangle_4,triangle_5,triangle_6,triangle_7,triangle_8,triangle_9,triangle_10,triangle_11,triangle_12,triangle_13,triangle_14,triangle_15,triangle_16,triangle_17,triangle_18,triangle_19,triangle_20,triangle_21,triangle_22,triangle_23,triangle_24,triangle_25,triangle_26,triangle_27,triangle_28,triangle_29,triangle_30,triangle_31,triangle_32,triangle_33,triangle_34,triangle_35,triangle_36,triangle_37,triangle_38,triangle_39,triangle_40,triangle_41,triangle_42,triangle_43,triangle_44,triangle_45,triangle_46,triangle_47,triangle_48,triangle_49,triangle_50,triangle_51,triangle_52,triangle_53,triangle_54,triangle_55,triangle_56,triangle_57,triangle_58,triangle_59,triangle_60,triangle_61,triangle_62,triangle_63,triangle_64,triangle_65,triangle_66,triangle_67,triangle_68,triangle_69,triangle_70,triangle_71,triangle_72,triangle_73,triangle_74,triangle_75,triangle_76,triangle_77,triangle_78,triangle_79,triangle_80,triangle_81,triangle_82,triangle_83,triangle_84,triangle_85,triangle_86,triangle_87,triangle_88,triangle_89,triangle_90,triangle_91,triangle_92,triangle_93,triangle_94,triangle_95,triangle_96,triangle_97,triangle_98,triangle_99,triangle_100,triangle_101,triangle_102,triangle_103,triangle_104,triangle_105,triangle_106,triangle_107,triangle_108,triangle_109
1,104.0,119.0,127.0,87.0,16.0,14.0,12.0,836.0,89.0,136.0,894.0,573.0,964.0,1040.0,121.0,124.0,81.0,60.0,194.0,478.0,53.0,79.0,111.0,31.0,23.0,367.0,827.0,620.0,200.0,40.0,36.0,37.0,164.0,365.0,40.0,31.0,66.0,325.0,334.0,144.0,301.0,28.0,156.0,405.0,597.0,27.0,90.0,27.0,22.0,60.0,51.0,97.0,116.0,20.0,100.0,171.0,26.0,35.0,58.0,69.0,141.0,335.0,349.0,645.0,62.0,61.0,50.0,61.0,47.0,20.0,30.0,28.0,19.0,24.0,27.0,66.0,63.0,9.0,17.0,18.0,121.0,71.0,190.0,247.0,92.0,179.0,181.0,217.0,206.0,91.0,639.0,89.0,160.0,77.0,162.0,1735.0,190.0,227.0,145.0,524.0,848.0,1054.0,187.0,2285.0,21.0,19.0,17.0,17.0,186.0,185.0
2,111.0,124.0,135.0,89.0,15.0,13.0,12.0,852.0,89.0,133.0,900.0,573.0,970.0,1038.0,129.0,133.0,82.0,63.0,196.0,483.0,51.0,82.0,106.0,32.0,23.0,365.0,831.0,624.0,188.0,38.0,35.0,36.0,158.0,370.0,40.0,29.0,64.0,333.0,345.0,145.0,304.0,31.0,156.0,408.0,610.0,26.0,93.0,24.0,21.0,57.0,49.0,103.0,121.0,19.0,103.0,168.0,19.0,32.0,56.0,68.0,143.0,345.0,360.0,652.0,71.0,61.0,49.0,64.0,47.0,19.0,28.0,25.0,17.0,20.0,24.0,67.0,65.0,11.0,16.0,18.0,119.0,67.0,206.0,254.0,95.0,186.0,188.0,230.0,223.0,97.0,649.0,90.0,167.0,79.0,167.0,1730.0,196.0,231.0,149.0,514.0,835.0,1047.0,198.0,2295.0,20.0,17.0,16.0,16.0,188.0,189.0
3,140.0,130.0,146.0,90.0,16.0,14.0,12.0,836.0,89.0,114.0,881.0,538.0,947.0,1020.0,136.0,142.0,82.0,77.0,226.0,527.0,46.0,83.0,90.0,29.0,23.0,350.0,806.0,649.0,184.0,35.0,33.0,34.0,160.0,424.0,40.0,23.0,60.0,378.0,394.0,155.0,333.0,36.0,165.0,454.0,714.0,26.0,95.0,22.0,20.0,54.0,51.0,101.0,125.0,20.0,101.0,146.0,21.0,30.0,42.0,63.0,143.0,378.0,388.0,740.0,79.0,64.0,53.0,67.0,52.0,17.0,21.0,19.0,16.0,15.0,19.0,75.0,72.0,14.0,16.0,16.0,140.0,86.0,197.0,219.0,90.0,179.0,181.0,230.0,224.0,95.0,624.0,90.0,156.0,79.0,165.0,1663.0,202.0,231.0,147.0,532.0,781.0,1014.0,217.0,2294.0,20.0,18.0,16.0,16.0,189.0,194.0
4,155.0,143.0,153.0,94.0,23.0,22.0,17.0,799.0,85.0,99.0,861.0,487.0,919.0,1006.0,141.0,147.0,85.0,91.0,257.0,528.0,43.0,78.0,78.0,26.0,21.0,324.0,760.0,627.0,167.0,31.0,29.0,30.0,146.0,452.0,38.0,20.0,56.0,412.0,433.0,155.0,370.0,41.0,175.0,499.0,809.0,26.0,94.0,20.0,18.0,48.0,46.0,105.0,139.0,28.0,99.0,140.0,20.0,27.0,33.0,57.0,145.0,411.0,423.0,824.0,86.0,66.0,55.0,68.0,53.0,16.0,16.0,16.0,15.0,13.0,16.0,80.0,80.0,17.0,17.0,15.0,146.0,81.0,187.0,209.0,101.0,169.0,169.0,218.0,213.0,99.0,588.0,85.0,145.0,74.0,155.0,1612.0,193.0,227.0,145.0,527.0,758.0,991.0,238.0,2279.0,28.0,26.0,26.0,21.0,189.0,209.0
5,138.0,153.0,168.0,91.0,23.0,21.0,17.0,787.0,83.0,81.0,855.0,439.0,913.0,1008.0,153.0,160.0,83.0,98.0,286.0,547.0,35.0,81.0,64.0,22.0,18.0,283.0,709.0,619.0,158.0,27.0,25.0,25.0,135.0,492.0,33.0,17.0,50.0,449.0,473.0,151.0,402.0,51.0,175.0,541.0,894.0,23.0,96.0,17.0,16.0,45.0,47.0,109.0,148.0,27.0,95.0,126.0,12.0,22.0,27.0,45.0,139.0,444.0,458.0,909.0,94.0,69.0,59.0,74.0,59.0,13.0,13.0,13.0,13.0,12.0,14.0,90.0,89.0,17.0,17.0,14.0,138.0,67.0,189.0,201.0,98.0,166.0,163.0,215.0,214.0,95.0,552.0,84.0,134.0,76.0,147.0,1600.0,191.0,206.0,131.0,457.0,749.0,970.0,237.0,2222.0,26.0,24.0,24.0,20.0,179.0,199.0
6,164.0,163.0,177.0,95.0,23.0,21.0,17.0,725.0,85.0,87.0,817.0,429.0,844.0,934.0,168.0,171.0,94.0,98.0,267.0,598.0,39.0,81.0,63.0,21.0,20.0,299.0,658.0,637.0,166.0,30.0,28.0,28.0,147.0,563.0,38.0,16.0,56.0,505.0,531.0,169.0,439.0,65.0,180.0,529.0,921.0,27.0,106.0,19.0,19.0,48.0,50.0,118.0,173.0,25.0,90.0,140.0,10.0,25.0,28.0,50.0,144.0,470.0,450.0,990.0,105.0,74.0,63.0,77.0,61.0,15.0,13.0,13.0,16.0,11.0,13.0,100.0,101.0,22.0,20.0,16.0,125.0,45.0,197.0,216.0,98.0,165.0,162.0,219.0,219.0,103.0,531.0,82.0,126.0,76.0,146.0,1438.0,180.0,200.0,128.0,438.0,729.0,938.0,246.0,2119.0,24.0,24.0,23.0,19.0,179.0,194.0
7,250.0,175.0,187.0,114.0,28.0,27.0,22.0,655.0,87.0,98.0,775.0,412.0,786.0,863.0,178.0,184.0,109.0,113.0,244.0,580.0,43.0,77.0,64.0,22.0,20.0,315.0,579.0,597.0,173.0,34.0,32.0,32.0,152.0,566.0,44.0,19.0,64.0,520.0,528.0,191.0,461.0,73.0,191.0,491.0,934.0,31.0,117.0,20.0,21.0,47.0,51.0,140.0,195.0,30.0,86.0,157.0,7.0,28.0,36.0,56.0,150.0,457.0,406.0,1033.0,122.0,81.0,70.0,78.0,63.0,17.0,16.0,15.0,18.0,14.0,17.0,102.0,104.0,29.0,24.0,17.0,122.0,31.0,204.0,238.0,116.0,160.0,157.0,230.0,224.0,119.0,516.0,85.0,119.0,74.0,146.0,1272.0,167.0,227.0,145.0,547.0,705.0,925.0,269.0,2063.0,27.0,28.0,28.0,24.0,194.0,204.0
8,289.0,182.0,186.0,127.0,32.0,32.0,26.0,566.0,87.0,99.0,719.0,377.0,720.0,784.0,178.0,181.0,119.0,125.0,224.0,537.0,43.0,82.0,62.0,19.0,21.0,303.0,475.0,529.0,180.0,38.0,36.0,36.0,161.0,547.0,48.0,18.0,65.0,519.0,510.0,201.0,499.0,84.0,201.0,459.0,920.0,32.0,129.0,21.0,22.0,53.0,57.0,150.0,221.0,32.0,92.0,192.0,2.0,31.0,34.0,57.0,136.0,439.0,376.0,1056.0,138.0,83.0,74.0,84.0,70.0,18.0,16.0,15.0,20.0,14.0,16.0,113.0,118.0,34.0,26.0,17.0,98.0,20.0,197.0,270.0,123.0,165.0,157.0,232.0,219.0,128.0,504.0,83.0,116.0,78.0,148.0,1112.0,167.0,243.0,153.0,564.0,686.0,889.0,280.0,1966.0,29.0,32.0,32.0,28.0,205.0,209.0
9,298.0,151.0,152.0,126.0,41.0,39.0,31.0,458.0,80.0,91.0,584.0,295.0,584.0,653.0,159.0,154.0,119.0,124.0,191.0,477.0,44.0,70.0,45.0,20.0,17.0,256.0,384.0,455.0,159.0,41.0,40.0,40.0,147.0,505.0,47.0,14.0,61.0,487.0,476.0,193.0,538.0,85.0,200.0,459.0,910.0,35.0,118.0,24.0,27.0,52.0,56.0,148.0,261.0,38.0,94.0,250.0,0.0,35.0,29.0,58.0,167.0,455.0,379.0,1061.0,109.0,82.0,72.0,78.0,65.0,21.0,15.0,14.0,23.0,13.0,16.0,125.0,128.0,21.0,23.0,21.0,72.0,5.0,168.0,298.0,129.0,148.0,143.0,197.0,184.0,127.0,456.0,77.0,83.0,67.0,125.0,923.0,131.0,206.0,138.0,463.0,508.0,692.0,255.0,1744.0,34.0,41.0,41.0,34.0,204.0,208.0
10,215.0,193.0,213.0,135.0,39.0,37.0,30.0,598.0,87.0,91.0,622.0,356.0,657.0,724.0,201.0,205.0,128.0,135.0,359.0,559.0,48.0,77.0,58.0,22.0,21.0,275.0,615.0,589.0,183.0,41.0,40.0,42.0,182.0,530.0,53.0,15.0,73.0,518.0,511.0,207.0,538.0,78.0,216.0,746.0,1030.0,41.0,122.0,28.0,28.0,59.0,62.0,146.0,240.0,40.0,110.0,233.0,39.0,37.0,16.0,62.0,203.0,530.0,566.0,1067.0,123.0,82.0,75.0,74.0,66.0,23.0,11.0,9.0,24.0,9.0,10.0,114.0,115.0,37.0,19.0,19.0,149.0,67.0,204.0,260.0,132.0,143.0,141.0,230.0,230.0,132.0,487.0,89.0,111.0,74.0,147.0,1308.0,165.0,210.0,156.0,332.0,513.0,675.0,206.0,1702.0,36.0,38.0,38.0,33.0,210.0,215.0
11,242.0,189.0,221.0,125.0,28.0,26.0,22.0,566.0,86.0,82.0,604.0,338.0,624.0,694.0,221.0,218.0,129.0,131.0,337.0,573.0,43.0,77.0,54.0,21.0,21.0,259.0,575.0,593.0,188.0,39.0,39.0,41.0,188.0,533.0,51.0,16.0,73.0,519.0,511.0,214.0,552.0,85.0,198.0,680.0,1081.0,41.0,121.0,27.0,28.0,58.0,64.0,147.0,261.0,30.0,103.0,212.0,17.0,35.0,16.0,53.0,187.0,501.0,516.0,1043.0,116.0,82.0,75.0,75.0,66.0,22.0,12.0,11.0,24.0,11.0,12.0,119.0,121.0,38.0,18.0,17.0,133.0,67.0,195.0,242.0,118.0,141.0,140.0,217.0,223.0,122.0,453.0,86.0,105.0,73.0,139.0,1260.0,162.0,187.0,143.0,382.0,482.0,660.0,200.0,1648.0,26.0,26.0,25.0,22.0,183.0,189.0
12,256.0,183.0,209.0,126.0,35.0,34.0,27.0,552.0,86.0,75.0,577.0,326.0,590.0,650.0,213.0,209.0,128.0,136.0,320.0,575.0,42.0,71.0,53.0,17.0,21.0,255.0,554.0,587.0,191.0,37.0,38.0,39.0,193.0,539.0,50.0,12.0,70.0,520.0,511.0,223.0,573.0,89.0,204.0,635.0,1099.0,42.0,116.0,26.0,29.0,53.0,61.0,159.0,267.0,38.0,98.0,195.0,11.0,33.0,12.0,50.0,170.0,474.0,475.0,993.0,111.0,83.0,78.0,68.0,62.0,23.0,8.0,8.0,26.0,9.0,9.0,120.0,122.0,38.0,18.0,15.0,127.0,54.0,181.0,225.0,128.0,129.0,127.0,197.0,202.0,122.0,414.0,85.0,94.0,67.0,130.0,1154.0,157.0,182.0,140.0,383.0,457.0,631.0,203.0,1573.0,32.0,33.0,34.0,28.0,180.0,191.0
13,278.0,158.0,166.0,109.0,31.0,28.0,23.0,526.0,79.0,71.0,538.0,315.0,535.0,594.0,181.0,167.0,108.0,125.0,321.0,567.0,37.0,67.0,50.0,15.0,22.0,247.0,551.0,577.0,189.0,34.0,36.0,37.0,196.0,545.0,45.0,12.0,63.0,500.0,508.0,213.0,545.0,82.0,182.0,608.0,1109.0,36.0,104.0,24.0,27.0,53.0,63.0,125.0,267.0,30.0,84.0,222.0,2.0,31.0,12.0,47.0,164.0,471.0,463.0,976.0,90.0,79.0,73.0,68.0,62.0,21.0,8.0,8.0,24.0,9.0,9.0,115.0,117.0,30.0,16.0,13.0,86.0,38.0,142.0,223.0,108.0,116.0,114.0,164.0,162.0,105.0,385.0,80.0,77.0,65.0,124.0,1073.0,151.0,170.0,119.0,414.0,401.0,545.0,197.0,1504.0,28.0,32.0,31.0,25.0,159.0,172.0
14,352.0,194.0,204.0,145.0,49.0,45.0,36.0,537.0,86.0,80.0,505.0,290.0,513.0,557.0,199.0,206.0,135.0,167.0,362.0,572.0,47.0,65.0,52.0,18.0,21.0,253.0,588.0,585.0,194.0,38.0,40.0,41.0,205.0,552.0,53.0,9.0,72.0,513.0,511.0,232.0,514.0,73.0,207.0,705.0,1145.0,45.0,118.0,30.0,32.0,57.0,63.0,158.0,247.0,47.0,91.0,241.0,49.0,36.0,9.0,55.0,202.0,489.0,519.0,997.0,118.0,85.0,78.0,65.0,59.0,25.0,7.0,6.0,27.0,6.0,6.0,101.0,104.0,39.0,19.0,18.0,151.0,36.0,197.0,268.0,149.0,122.0,119.0,212.0,214.0,137.0,452.0,92.0,94.0,68.0,123.0,1081.0,136.0,206.0,155.0,394.0,404.0,525.0,202.0,1535.0,42.0,49.0,49.0,41.0,206.0,217.0
15,316.0,219.0,251.0,143.0,33.0,30.0,26.0,516.0,87.0,73.0,505.0,297.0,505.0,557.0,244.0,250.0,148.0,151.0,356.0,581.0,44.0,72.0,50.0,17.0,20.0,249.0,576.0,596.0,197.0,38.0,40.0,41.0,209.0,554.0,53.0,6.0,69.0,525.0,515.0,239.0,530.0,83.0,195.0,686.0,1095.0,43.0,125.0,28.0,30.0,59.0,65.0,157.0,277.0,34.0,99.0,252.0,36.0,35.0,5.0,53.0,196.0,485.0,505.0,978.0,124.0,87.0,80.0,72.0,66.0,24.0,4.0,3.0,26.0,4.0,4.0,108.0,111.0,39.0,17.0,17.0,159.0,56.0,222.0,266.0,136.0,122.0,119.0,245.0,249.0,142.0,420.0,93.0,95.0,73.0,132.0,1092.0,154.0,211.0,158.0,410.0,412.0,542.0,195.0,1460.0,29.0,31.0,30.0,28.0,187.0,186.0
16,296.0,200.0,239.0,140.0,37.0,35.0,29.0,529.0,94.0,75.0,507.0,320.0,510.0,557.0,242.0,242.0,148.0,160.0,321.0,583.0,44.0,74.0,56.0,17.0,19.0,260.0,572.0,600.0,197.0,36.0,38.0,40.0,213.0,539.0,51.0,9.0,71.0,502.0,501.0,245.0,544.0,86.0,201.0,624.0,1112.0,43.0,124.0,27.0,30.0,57.0,66.0,173.0,293.0,38.0,90.0,259.0,24.0,34.0,9.0,53.0,189.0,454.0,457.0,928.0,121.0,91.0,85.0,72.0,67.0,23.0,6.0,6.0,26.0,7.0,6.0,109.0,114.0,40.0,17.0,15.0,136.0,19.0,221.0,278.0,150.0,121.0,116.0,232.0,240.0,145.0,414.0,96.0,93.0,73.0,139.0,1082.0,164.0,195.0,155.0,370.0,401.0,534.0,201.0,1463.0,34.0,36.0,36.0,31.0,182.0,193.0
17,317.0,185.0,229.0,137.0,41.0,38.0,30.0,544.0,99.0,80.0,508.0,338.0,514.0,538.0,239.0,239.0,146.0,170.0,282.0,583.0,45.0,76.0,61.0,18.0,21.0,265.0,585.0,610.0,188.0,33.0,35.0,36.0,202.0,521.0,48.0,12.0,74.0,474.0,478.0,236.0,547.0,83.0,199.0,559.0,1123.0,43.0,124.0,25.0,28.0,53.0,63.0,182.0,296.0,42.0,85.0,247.0,27.0,31.0,16.0,54.0,193.0,414.0,411.0,876.0,120.0,94.0,87.0,72.0,67.0,21.0,8.0,8.0,24.0,10.0,9.0,107.0,113.0,40.0,18.0,16.0,138.0,8.0,235.0,280.0,162.0,119.0,113.0,237.0,251.0,150.0,411.0,101.0,92.0,73.0,145.0,1103.0,175.0,191.0,154.0,348.0,384.0,505.0,212.0,1453.0,38.0,40.0,41.0,35.0,179.0,193.0
18,319.0,192.0,235.0,138.0,41.0,38.0,30.0,539.0,101.0,84.0,499.0,332.0,503.0,530.0,245.0,242.0,150.0,178.0,286.0,569.0,47.0,77.0,61.0,18.0,22.0,271.0,580.0,602.0,194.0,35.0,37.0,39.0,212.0,510.0,49.0,15.0,75.0,464.0,466.0,241.0,532.0,80.0,198.0,555.0,1133.0,43.0,128.0,27.0,30.0,58.0,67.0,185.0,284.0,43.0,79.0,235.0,25.0,33.0,18.0,55.0,190.0,402.0,402.0,881.0,123.0,96.0,89.0,74.0,68.0,22.0,10.0,9.0,26.0,12.0,11.0,100.0,106.0,41.0,19.0,16.0,137.0,16.0,245.0,282.0,165.0,118.0,112.0,243.0,255.0,152.0,420.0,104.0,95.0,75.0,147.0,1098.0,169.0,198.0,154.0,331.0,391.0,515.0,208.0,1455.0,38.0,40.0,41.0,34.0,179.0,195.0
19,320.0,192.0,236.0,140.0,44.0,41.0,33.0,563.0,100.0,82.0,520.0,345.0,525.0,554.0,242.0,243.0,147.0,185.0,287.0,561.0,46.0,78.0,62.0,19.0,20.0,271.0,594.0,602.0,179.0,31.0,33.0,35.0,193.0,499.0,45.0,12.0,69.0,459.0,459.0,226.0,513.0,78.0,200.0,554.0,1115.0,40.0,128.0,24.0,26.0,54.0,62.0,192.0,264.0,47.0,78.0,206.0,27.0,30.0,17.0,55.0,191.0,397.0,400.0,870.0,134.0,94.0,87.0,75.0,68.0,20.0,8.0,8.0,22.0,9.0,9.0,97.0,102.0,40.0,18.0,16.0,141.0,19.0,256.0,275.0,175.0,120.0,114.0,252.0,265.0,155.0,435.0,104.0,101.0,77.0,150.0,1115.0,176.0,208.0,158.0,314.0,412.0,537.0,214.0,1488.0,41.0,44.0,46.0,38.0,189.0,206.0
20,331.0,193.0,236.0,139.0,39.0,37.0,29.0,557.0,101.0,83.0,527.0,348.0,539.0,572.0,244.0,243.0,147.0,173.0,289.0,559.0,45.0,82.0,63.0,19.0,20.0,272.0,599.0,598.0,182.0,32.0,32.0,33.0,188.0,501.0,46.0,13.0,70.0,458.0,457.0,227.0,500.0,75.0,193.0,559.0,1073.0,39.0,133.0,23.0,25.0,56.0,63.0,177.0,262.0,40.0,80.0,205.0,30.0,30.0,18.0,54.0,186.0,403.0,408.0,894.0,136.0,94.0,86.0,80.0,71.0,20.0,9.0,8.0,22.0,9.0,9.0,99.0,102.0,39.0,19.0,16.0,144.0,15.0,265.0,283.0,166.0,127.0,123.0,263.0,275.0,154.0,454.0,103.0,106.0,80.0,152.0,1150.0,184.0,211.0,157.0,321.0,424.0,553.0,206.0,1516.0,37.0,38.0,40.0,34.0,188.0,198.0
21,365.0,190.0,226.0,140.0,38.0,36.0,29.0,539.0,101.0,95.0,515.0,356.0,519.0,553.0,235.0,232.0,145.0,176.0,283.0,547.0,48.0,82.0,68.0,20.0,22.0,286.0,585.0,587.0,182.0,33.0,34.0,36.0,191.0,487.0,49.0,20.0,78.0,448.0,449.0,234.0,490.0,74.0,188.0,544.0,1076.0,41.0,138.0,24.0,26.0,58.0,63.0,175.0,265.0,39.0,75.0,228.0,32.0,31.0,26.0,59.0,202.0,400.0,397.0,895.0,138.0,95.0,86.0,80.0,71.0,21.0,13.0,12.0,23.0,13.0,13.0,96.0,101.0,44.0,20.0,16.0,131.0,27.0,258.0,300.0,164.0,129.0,122.0,258.0,269.0,156.0,462.0,103.0,106.0,80.0,159.0,1148.0,182.0,213.0,159.0,357.0,425.0,552.0,204.0,1536.0,36.0,38.0,38.0,33.0,189.0,197.0
22,382.0,189.0,223.0,139.0,35.0,33.0,27.0,530.0,101.0,105.0,512.0,377.0,510.0,547.0,226.0,222.0,143.0,175.0,281.0,540.0,52.0,82.0,75.0,20.0,25.0,303.0,578.0,580.0,187.0,35.0,35.0,37.0,192.0,484.0,53.0,23.0,85.0,445.0,438.0,243.0,477.0,73.0,185.0,542.0,1058.0,43.0,141.0,26.0,27.0,59.0,64.0,166.0,259.0,36.0,74.0,233.0,32.0,33.0,30.0,64.0,212.0,393.0,392.0,884.0,140.0,95.0,85.0,80.0,70.0,22.0,15.0,14.0,23.0,15.0,15.0,96.0,99.0,48.0,22.0,17.0,119.0,29.0,254.0,304.0,160.0,130.0,125.0,256.0,266.0,154.0,467.0,102.0,109.0,81.0,167.0,1134.0,185.0,218.0,160.0,388.0,438.0,567.0,208.0,1566.0,34.0,35.0,36.0,31.0,187.0,194.0
23,385.0,182.0,213.0,132.0,34.0,32.0,25.0,550.0,96.0,85.0,545.0,348.0,559.0,605.0,220.0,218.0,137.0,166.0,291.0,540.0,41.0,81.0,59.0,22.0,20.0,273.0,591.0,579.0,177.0,31.0,32.0,33.0,187.0,481.0,42.0,23.0,69.0,441.0,448.0,215.0,465.0,62.0,178.0,557.0,1047.0,35.0,123.0,23.0,24.0,58.0,64.0,153.0,258.0,33.0,77.0,239.0,42.0,29.0,29.0,51.0,189.0,411.0,417.0,901.0,114.0,88.0,80.0,79.0,70.0,19.0,17.0,16.0,21.0,17.0,17.0,95.0,99.0,32.0,18.0,16.0,128.0,14.0,248.0,303.0,150.0,131.0,125.0,264.0,270.0,146.0,471.0,99.0,105.0,80.0,149.0,1227.0,173.0,220.0,161.0,410.0,454.0,578.0,218.0,1642.0,33.0,33.0,34.0,29.0,181.0,189.0
24,381.0,175.0,205.0,127.0,32.0,30.0,24.0,558.0,94.0,86.0,559.0,341.0,575.0,623.0,209.0,208.0,132.0,160.0,296.0,538.0,41.0,79.0,55.0,23.0,21.0,266.0,584.0,575.0,192.0,35.0,36.0,36.0,196.0,473.0,42.0,27.0,72.0,437.0,448.0,213.0,454.0,60.0,177.0,567.0,1032.0,36.0,116.0,25.0,27.0,60.0,67.0,148.0,254.0,32.0,76.0,250.0,43.0,32.0,32.0,49.0,184.0,415.0,427.0,901.0,96.0,85.0,77.0,76.0,68.0,21.0,21.0,21.0,23.0,21.0,23.0,93.0,97.0,28.0,18.0,16.0,119.0,9.0,237.0,302.0,145.0,132.0,126.0,258.0,261.0,141.0,474.0,95.0,105.0,76.0,140.0,1266.0,159.0,216.0,160.0,425.0,466.0,595.0,221.0,1689.0,32.0,32.0,32.0,28.0,182.0,187.0
25,369.0,173.0,203.0,124.0,30.0,28.0,22.0,567.0,93.0,85.0,576.0,352.0,592.0,640.0,207.0,207.0,130.0,152.0,295.0,540.0,41.0,78.0,55.0,23.0,22.0,273.0,600.0,579.0,182.0,32.0,32.0,33.0,182.0,473.0,42.0,28.0,72.0,437.0,448.0,210.0,438.0,56.0,173.0,568.0,1003.0,35.0,115.0,24.0,24.0,56.0,60.0,142.0,251.0,30.0,73.0,246.0,44.0,30.0,32.0,49.0,189.0,421.0,435.0,895.0,97.0,84.0,75.0,75.0,66.0,19.0,19.0,20.0,21.0,20.0,21.0,92.0,95.0,27.0,18.0,16.0,118.0,8.0,236.0,302.0,138.0,132.0,128.0,258.0,263.0,141.0,473.0,94.0,105.0,75.0,146.0,1299.0,166.0,212.0,157.0,432.0,475.0,604.0,224.0,1722.0,30.0,30.0,29.0,26.0,174.0,180.0
26,362.0,171.0,196.0,121.0,31.0,28.0,23.0,577.0,90.0,86.0,581.0,365.0,597.0,648.0,198.0,198.0,126.0,153.0,301.0,537.0,40.0,76.0,57.0,23.0,22.0,279.0,606.0,578.0,176.0,30.0,31.0,31.0,175.0,467.0,41.0,29.0,71.0,439.0,451.0,209.0,428.0,53.0,171.0,575.0,993.0,33.0,110.0,22.0,23.0,52.0,57.0,139.0,244.0,31.0,73.0,241.0,41.0,28.0,34.0,49.0,197.0,429.0,438.0,875.0,97.0,80.0,71.0,73.0,64.0,19.0,19.0,20.0,20.0,20.0,21.0,90.0,93.0,29.0,17.0,16.0,113.0,2.0,226.0,297.0,136.0,133.0,129.0,248.0,252.0,138.0,476.0,92.0,108.0,74.0,145.0,1290.0,168.0,211.0,155.0,454.0,476.0,604.0,228.0,1758.0,31.0,32.0,31.0,27.0,175.0,182.0
27,353.0,171.0,192.0,121.0,30.0,28.0,23.0,578.0,89.0,82.0,586.0,354.0,592.0,645.0,194.0,194.0,125.0,148.0,297.0,547.0,38.0,78.0,55.0,21.0,20.0,282.0,605.0,583.0,188.0,30.0,31.0,31.0,188.0,479.0,39.0,27.0,67.0,450.0,463.0,213.0,422.0,52.0,168.0,570.0,984.0,31.0,112.0,22.0,23.0,58.0,62.0,139.0,235.0,31.0,73.0,228.0,36.0,28.0,32.0,46.0,190.0,430.0,440.0,884.0,101.0,80.0,70.0,75.0,64.0,18.0,20.0,20.0,19.0,20.0,21.0,90.0,91.0,29.0,17.0,15.0,107.0,4.0,222.0,292.0,134.0,136.0,135.0,242.0,244.0,135.0,483.0,91.0,112.0,77.0,141.0,1246.0,162.0,211.0,151.0,457.0,488.0,618.0,228.0,1772.0,30.0,30.0,30.0,26.0,176.0,182.0
28,335.0,169.0,192.0,118.0,31.0,28.0,22.0,577.0,91.0,81.0,588.0,351.0,587.0,646.0,194.0,192.0,126.0,139.0,289.0,560.0,39.0,80.0,54.0,19.0,19.0,289.0,608.0,592.0,198.0,31.0,32.0,32.0,194.0,491.0,39.0,26.0,65.0,453.0,474.0,211.0,414.0,48.0,169.0,555.0,966.0,31.0,113.0,23.0,24.0,62.0,66.0,139.0,227.0,31.0,69.0,228.0,36.0,29.0,31.0,46.0,177.0,428.0,435.0,902.0,101.0,82.0,72.0,76.0,65.0,19.0,20.0,20.0,20.0,19.0,21.0,84.0,85.0,29.0,16.0,14.0,108.0,7.0,222.0,296.0,135.0,134.0,132.0,240.0,243.0,134.0,492.0,93.0,113.0,79.0,144.0,1235.0,162.0,213.0,151.0,473.0,498.0,630.0,226.0,1813.0,30.0,31.0,30.0,26.0,174.0,182.0
29,322.0,165.0,191.0,116.0,27.0,26.0,21.0,586.0,92.0,89.0,596.0,376.0,599.0,649.0,191.0,194.0,121.0,132.0,263.0,578.0,42.0,81.0,60.0,19.0,20.0,305.0,614.0,602.0,190.0,30.0,31.0,31.0,181.0,501.0,41.0,26.0,68.0,454.0,472.0,208.0,393.0,47.0,165.0,522.0,914.0,32.0,119.0,23.0,23.0,60.0,62.0,137.0,207.0,28.0,66.0,204.0,39.0,28.0,36.0,49.0,176.0,422.0,422.0,906.0,111.0,82.0,70.0,77.0,64.0,19.0,20.0,19.0,19.0,18.0,20.0,80.0,82.0,32.0,18.0,15.0,112.0,6.0,233.0,296.0,133.0,141.0,137.0,248.0,254.0,131.0,511.0,94.0,119.0,81.0,152.0,1219.0,167.0,212.0,148.0,478.0,519.0,641.0,229.0,1852.0,27.0,27.0,26.0,24.0,176.0,179.0
30,307.0,162.0,188.0,120.0,29.0,27.0,22.0,589.0,96.0,92.0,596.0,383.0,606.0,655.0,186.0,190.0,121.0,128.0,244.0,571.0,44.0,82.0,63.0,19.0,20.0,313.0,611.0,597.0,191.0,32.0,31.0,31.0,176.0,488.0,41.0,25.0,68.0,444.0,462.0,201.0,381.0,43.0,166.0,501.0,878.0,33.0,120.0,23.0,23.0,60.0,61.0,141.0,199.0,30.0,63.0,204.0,38.0,28.0,36.0,51.0,168.0,418.0,411.0,906.0,112.0,83.0,70.0,76.0,62.0,19.0,20.0,19.0,20.0,18.0,20.0,75.0,76.0,32.0,18.0,15.0,109.0,15.0,235.0,302.0,138.0,139.0,138.0,244.0,251.0,135.0,525.0,96.0,123.0,81.0,155.0,1216.0,170.0,214.0,152.0,493.0,526.0,659.0,237.0,1892.0,29.0,29.0,29.0,25.0,180.0,187.0
31,296.0,157.0,181.0,118.0,30.0,28.0,23.0,590.0,96.0,95.0,604.0,390.0,620.0,669.0,179.0,184.0,119.0,126.0,231.0,553.0,45.0,82.0,66.0,20.0,21.0,315.0,610.0,588.0,189.0,32.0,31.0,32.0,173.0,469.0,41.0,26.0,68.0,427.0,443.0,195.0,370.0,39.0,167.0,481.0,849.0,33.0,118.0,24.0,23.0,60.0,61.0,139.0,194.0,31.0,65.0,206.0,38.0,28.0,38.0,53.0,165.0,403.0,399.0,877.0,107.0,82.0,69.0,76.0,61.0,19.0,21.0,20.0,20.0,18.0,20.0,73.0,74.0,30.0,18.0,15.0,111.0,12.0,234.0,306.0,140.0,144.0,143.0,244.0,250.0,135.0,544.0,96.0,129.0,81.0,157.0,1252.0,173.0,216.0,154.0,497.0,543.0,679.0,240.0,1935.0,31.0,31.0,31.0,26.0,184.0,192.0
32,284.0,153.0,175.0,116.0,31.0,29.0,23.0,591.0,96.0,99.0,612.0,397.0,633.0,683.0,173.0,178.0,117.0,123.0,219.0,535.0,46.0,82.0,69.0,21.0,21.0,317.0,610.0,579.0,186.0,33.0,32.0,32.0,170.0,449.0,41.0,27.0,68.0,410.0,423.0,188.0,358.0,36.0,168.0,460.0,819.0,32.0,116.0,24.0,23.0,60.0,60.0,136.0,188.0,32.0,67.0,208.0,39.0,29.0,40.0,55.0,161.0,388.0,386.0,846.0,102.0,81.0,68.0,75.0,60.0,19.0,21.0,20.0,20.0,19.0,21.0,71.0,72.0,28.0,18.0,15.0,113.0,10.0,233.0,309.0,142.0,149.0,147.0,243.0,249.0,135.0,563.0,97.0,134.0,82.0,159.0,1290.0,176.0,217.0,156.0,502.0,559.0,699.0,243.0,1978.0,33.0,32.0,33.0,28.0,188.0,197.0
33,272.0,148.0,169.0,114.0,32.0,30.0,23.0,593.0,96.0,102.0,620.0,405.0,647.0,698.0,166.0,172.0,115.0,120.0,206.0,518.0,48.0,82.0,73.0,22.0,21.0,320.0,611.0,571.0,184.0,33.0,32.0,32.0,167.0,430.0,41.0,27.0,68.0,392.0,404.0,182.0,347.0,32.0,169.0,439.0,788.0,32.0,113.0,24.0,23.0,60.0,59.0,133.0,182.0,33.0,69.0,210.0,40.0,30.0,42.0,57.0,157.0,373.0,373.0,816.0,97.0,80.0,66.0,74.0,59.0,19.0,22.0,21.0,20.0,19.0,21.0,69.0,70.0,25.0,18.0,15.0,114.0,7.0,233.0,313.0,144.0,153.0,152.0,243.0,248.0,135.0,581.0,98.0,139.0,82.0,161.0,1328.0,179.0,219.0,158.0,507.0,576.0,719.0,246.0,2022.0,35.0,34.0,35.0,29.0,192.0,202.0
34,260.0,144.0,163.0,112.0,33.0,31.0,23.0,595.0,96.0,106.0,629.0,413.0,660.0,712.0,159.0,166.0,113.0,117.0,193.0,500.0,49.0,83.0,76.0,23.0,22.0,322.0,611.0,562.0,182.0,34.0,32.0,33.0,163.0,410.0,41.0,27.0,68.0,374.0,384.0,175.0,335.0,29.0,170.0,419.0,757.0,32.0,111.0,24.0,23.0,60.0,58.0,130.0,176.0,34.0,70.0,212.0,40.0,30.0,44.0,59.0,153.0,358.0,360.0,784.0,91.0,79.0,65.0,74.0,58.0,20.0,22.0,22.0,20.0,20.0,22.0,67.0,67.0,23.0,18.0,15.0,116.0,4.0,232.0,317.0,147.0,158.0,156.0,243.0,248.0,135.0,601.0,98.0,145.0,83.0,163.0,1367.0,183.0,221.0,160.0,513.0,594.0,740.0,250.0,2066.0,36.0,36.0,36.0,30.0,197.0,207.0
35,248.0,139.0,158.0,110.0,34.0,32.0,23.0,597.0,96.0,110.0,637.0,420.0,673.0,726.0,153.0,160.0,111.0,114.0,180.0,482.0,50.0,83.0,80.0,24.0,22.0,324.0,612.0,553.0,179.0,34.0,32.0,33.0,160.0,389.0,40.0,28.0,68.0,356.0,364.0,168.0,322.0,25.0,172.0,399.0,725.0,31.0,109.0,25.0,23.0,59.0,57.0,127.0,170.0,35.0,72.0,214.0,41.0,31.0,46.0,61.0,149.0,342.0,347.0,752.0,86.0,78.0,64.0,73.0,57.0,20.0,23.0,22.0,20.0,20.0,22.0,65.0,65.0,21.0,18.0,16.0,118.0,1.0,231.0,320.0,149.0,163.0,161.0,242.0,247.0,135.0,620.0,99.0,150.0,83.0,166.0,1407.0,186.0,223.0,161.0,519.0,611.0,761.0,254.0,2110.0,38.0,38.0,38.0,32.0,201.0,212.0
36,235.0,135.0,152.0,108.0,35.0,33.0,23.0,600.0,96.0,113.0,645.0,428.0,686.0,740.0,146.0,154.0,110.0,110.0,167.0,465.0,51.0,83.0,83.0,26.0,23.0,326.0,613.0,545.0,177.0,35.0,32.0,33.0,157.0,369.0,40.0,28.0,67.0,337.0,344.0,161.0,310.0,21.0,173.0,379.0,692.0,31.0,106.0,25.0,23.0,59.0,57.0,124.0,164.0,36.0,73.0,216.0,41.0,31.0,48.0,63.0,144.0,327.0,334.0,720.0,81.0,77.0,62.0,72.0,56.0,20.0,24.0,23.0,20.0,20.0,23.0,62.0,63.0,18.0,18.0,16.0,119.0,1.0,231.0,324.0,152.0,168.0,165.0,242.0,246.0,134.0,640.0,100.0,156.0,84.0,168.0,1449.0,189.0,226.0,163.0,526.0,629.0,782.0,257.0,2155.0,40.0,40.0,40.0,33.0,205.0,218.0
37,222.0,130.0,146.0,107.0,36.0,34.0,23.0,603.0,97.0,117.0,653.0,436.0,699.0,755.0,140.0,148.0,108.0,107.0,153.0,447.0,53.0,83.0,87.0,27.0,23.0,329.0,615.0,537.0,175.0,35.0,33.0,34.0,153.0,348.0,40.0,28.0,67.0,319.0,323.0,153.0,297.0,17.0,174.0,359.0,658.0,31.0,104.0,25.0,23.0,59.0,56.0,120.0,158.0,37.0,75.0,217.0,42.0,32.0,50.0,65.0,139.0,311.0,321.0,687.0,76.0,76.0,61.0,72.0,55.0,20.0,24.0,24.0,20.0,21.0,23.0,60.0,60.0,15.0,17.0,16.0,121.0,4.0,230.0,328.0,154.0,173.0,170.0,242.0,246.0,134.0,660.0,100.0,161.0,85.0,170.0,1491.0,193.0,228.0,165.0,533.0,647.0,803.0,261.0,2200.0,42.0,42.0,42.0,35.0,210.0,223.0
38,210.0,126.0,140.0,105.0,37.0,35.0,23.0,606.0,97.0,121.0,661.0,443.0,713.0,769.0,134.0,143.0,106.0,103.0,140.0,430.0,54.0,83.0,91.0,28.0,23.0,331.0,617.0,528.0,172.0,36.0,33.0,34.0,150.0,327.0,39.0,29.0,67.0,300.0,303.0,146.0,284.0,14.0,175.0,339.0,624.0,30.0,101.0,25.0,23.0,59.0,55.0,117.0,152.0,38.0,76.0,219.0,43.0,32.0,52.0,67.0,134.0,296.0,308.0,653.0,71.0,75.0,59.0,71.0,54.0,20.0,25.0,24.0,20.0,21.0,23.0,57.0,58.0,12.0,17.0,16.0,122.0,6.0,230.0,332.0,157.0,178.0,175.0,243.0,246.0,134.0,680.0,101.0,167.0,85.0,172.0,1534.0,196.0,231.0,167.0,542.0,665.0,825.0,265.0,2246.0,44.0,43.0,44.0,36.0,214.0,228.0
39,197.0,121.0,135.0,103.0,38.0,36.0,23.0,609.0,97.0,125.0,669.0,451.0,726.0,783.0,127.0,137.0,104.0,99.0,127.0,412.0,56.0,83.0,95.0,29.0,24.0,333.0,619.0,520.0,170.0,36.0,33.0,34.0,147.0,306.0,39.0,29.0,66.0,280.0,282.0,138.0,271.0,10.0,176.0,319.0,589.0,30.0,99.0,26.0,23.0,59.0,54.0,113.0,146.0,39.0,77.0,221.0,43.0,33.0,54.0,69.0,129.0,280.0,295.0,618.0,65.0,73.0,58.0,70.0,53.0,21.0,25.0,25.0,20.0,21.0,23.0,55.0,55.0,9.0,17.0,17.0,124.0,9.0,230.0,335.0,160.0,183.0,179.0,243.0,245.0,134.0,700.0,102.0,173.0,86.0,175.0,1579.0,200.0,234.0,169.0,550.0,684.0,847.0,270.0,2292.0,46.0,45.0,46.0,37.0,219.0,233.0
40,183.0,116.0,129.0,101.0,39.0,36.0,23.0,613.0,97.0,129.0,677.0,459.0,739.0,797.0,121.0,131.0,103.0,95.0,114.0,395.0,57.0,83.0,99.0,30.0,24.0,336.0,621.0,512.0,168.0,37.0,33.0,34.0,143.0,284.0,38.0,29.0,66.0,261.0,262.0,130.0,258.0,6.0,177.0,299.0,554.0,29.0,97.0,26.0,23.0,58.0,53.0,110.0,140.0,40.0,78.0,223.0,44.0,33.0,56.0,72.0,123.0,264.0,282.0,583.0,60.0,72.0,57.0,69.0,52.0,21.0,26.0,26.0,19.0,22.0,24.0,52.0,52.0,6.0,17.0,17.0,125.0,11.0,229.0,339.0,163.0,188.0,184.0,243.0,245.0,134.0,721.0,102.0,178.0,86.0,177.0,1624.0,203.0,237.0,171.0,560.0,703.0,869.0,274.0,2338.0,48.0,47.0,48.0,39.0,223.0,239.0
41,170.0,112.0,123.0,99.0,39.0,37.0,23.0,617.0,97.0,133.0,685.0,467.0,751.0,811.0,115.0,126.0,101.0,90.0,101.0,377.0,58.0,83.0,103.0,31.0,25.0,338.0,624.0,504.0,166.0,37.0,33.0,35.0,139.0,262.0,38.0,29.0,65.0,241.0,241.0,122.0,244.0,1.0,178.0,280.0,517.0,29.0,94.0,26.0,22.0,58.0,52.0,106.0,134.0,41.0,79.0,225.0,44.0,33.0,58.0,74.0,117.0,248.0,269.0,548.0,55.0,71.0,55.0,69.0,51.0,21.0,26.0,26.0,19.0,22.0,24.0,50.0,49.0,3.0,17.0,17.0,127.0,14.0,229.0,343.0,166.0,193.0,189.0,244.0,245.0,133.0,742.0,103.0,184.0,87.0,179.0,1671.0,207.0,240.0,173.0,570.0,722.0,891.0,279.0,2385.0,51.0,49.0,50.0,40.0,228.0,244.0
42,156.0,107.0,118.0,97.0,40.0,38.0,22.0,622.0,98.0,137.0,694.0,475.0,764.0,825.0,109.0,120.0,99.0,86.0,87.0,360.0,60.0,83.0,107.0,32.0,25.0,341.0,627.0,497.0,163.0,37.0,33.0,35.0,136.0,240.0,37.0,29.0,64.0,221.0,220.0,114.0,230.0,3.0,179.0,260.0,480.0,28.0,92.0,26.0,22.0,58.0,51.0,102.0,128.0,42.0,80.0,227.0,45.0,34.0,60.0,76.0,111.0,231.0,256.0,512.0,50.0,70.0,54.0,68.0,49.0,21.0,27.0,27.0,19.0,22.0,24.0,47.0,47.0,1.0,16.0,17.0,128.0,16.0,229.0,347.0,170.0,198.0,193.0,244.0,245.0,133.0,763.0,104.0,190.0,87.0,181.0,1718.0,210.0,244.0,175.0,580.0,741.0,914.0,283.0,2431.0,53.0,51.0,52.0,42.0,232.0,250.0
43,143.0,103.0,112.0,96.0,41.0,39.0,22.0,626.0,98.0,141.0,702.0,483.0,777.0,839.0,104.0,115.0,97.0,81.0,74.0,343.0,61.0,83.0,112.0,34.0,26.0,344.0,630.0,489.0,161.0,38.0,33.0,35.0,132.0,218.0,36.0,29.0,63.0,201.0,199.0,105.0,216.0,7.0,180.0,241.0,443.0,28.0,89.0,26.0,22.0,58.0,51.0,98.0,121.0,43.0,81.0,229.0,45.0,34.0,63.0,79.0,105.0,215.0,243.0,475.0,44.0,69.0,52.0,67.0,48.0,21.0,28.0,27.0,19.0,22.0,24.0,44.0,44.0,4.0,16.0,17.0,129.0,19.0,229.0,351.0,173.0,203.0,198.0,245.0,245.0,133.0,784.0,104.0,196.0,88.0,184.0,1767.0,214.0,248.0,177.0,591.0,761.0,937.0,288.0,2479.0,55.0,54.0,54.0,43.0,237.0,255.0
44,129.0,98.0,107.0,94.0,42.0,40.0,22.0,631.0,98.0,145.0,710.0,491.0,790.0,853.0,98.0,109.0,96.0,76.0,60.0,325.0,63.0,83.0,116.0,35.0,26.0,346.0,634.0,481.0,159.0,38.0,33.0,35.0,128.0,195.0,36.0,29.0,63.0,180.0,177.0,96.0,201.0,11.0,181.0,222.0,404.0,27.0,87.0,27.0,22.0,58.0,50.0,94.0,115.0,44.0,82.0,231.0,46.0,35.0,65.0,81.0,98.0,199.0,229.0,437.0,39.0,68.0,50.0,67.0,47.0,22.0,28.0,28.0,19.0,22.0,25.0,42.0,41.0,8.0,16.0,17.0,131.0,21.0,229.0,355.0,176.0,208.0,203.0,246.0,245.0,133.0,806.0,105.0,202.0,88.0,186.0,1816.0,217.0,251.0,179.0,603.0,781.0,960.0,293.0,2526.0,57.0,56.0,57.0,44.0,241.0,261.0
45,115.0,93.0,102.0,92.0,43.0,40.0,21.0,637.0,98.0,150.0,718.0,500.0,802.0,867.0,92.0,104.0,94.0,71.0,47.0,308.0,64.0,83.0,121.0,36.0,27.0,349.0,638.0,474.0,157.0,39.0,33.0,35.0,124.0,172.0,35.0,28.0,62.0,159.0,156.0,88.0,187.0,16.0,182.0,202.0,365.0,27.0,85.0,27.0,22.0,58.0,49.0,89.0,108.0,45.0,83.0,234.0,46.0,35.0,67.0,83.0,92.0,182.0,216.0,399.0,34.0,67.0,49.0,66.0,46.0,22.0,29.0,29.0,19.0,22.0,25.0,39.0,38.0,12.0,16.0,18.0,132.0,23.0,229.0,359.0,180.0,213.0,207.0,246.0,245.0,132.0,828.0,106.0,208.0,89.0,188.0,1867.0,221.0,255.0,181.0,615.0,801.0,983.0,298.0,2574.0,59.0,58.0,59.0,46.0,246.0,267.0
46,100.0,89.0,96.0,90.0,44.0,41.0,21.0,642.0,99.0,154.0,726.0,508.0,815.0,881.0,87.0,99.0,92.0,66.0,33.0,291.0,66.0,83.0,125.0,37.0,27.0,352.0,642.0,466.0,155.0,39.0,33.0,36.0,120.0,149.0,34.0,28.0,61.0,138.0,134.0,79.0,172.0,20.0,183.0,183.0,325.0,26.0,82.0,27.0,22.0,57.0,48.0,85.0,102.0,46.0,83.0,236.0,47.0,36.0,70.0,86.0,85.0,165.0,203.0,361.0,28.0,66.0,47.0,65.0,45.0,22.0,29.0,29.0,19.0,23.0,25.0,36.0,35.0,16.0,15.0,18.0,133.0,26.0,229.0,364.0,184.0,218.0,212.0,247.0,246.0,132.0,850.0,106.0,214.0,90.0,190.0,1919.0,224.0,260.0,183.0,628.0,822.0,1006.0,304.0,2622.0,62.0,60.0,61.0,47.0,251.0,272.0
47,91.0,87.0,95.0,93.0,48.0,46.0,22.0,650.0,101.0,151.0,736.0,511.0,821.0,902.0,85.0,98.0,99.0,61.0,33.0,279.0,63.0,81.0,124.0,35.0,27.0,340.0,633.0,446.0,149.0,37.0,31.0,34.0,117.0,142.0,33.0,32.0,62.0,137.0,133.0,76.0,141.0,32.0,178.0,176.0,294.0,26.0,84.0,26.0,21.0,57.0,47.0,90.0,106.0,50.0,67.0,249.0,38.0,34.0,74.0,80.0,82.0,166.0,202.0,360.0,25.0,68.0,49.0,64.0,45.0,21.0,32.0,31.0,18.0,24.0,27.0,22.0,22.0,19.0,16.0,18.0,119.0,2.0,244.0,382.0,204.0,200.0,193.0,256.0,257.0,146.0,830.0,105.0,210.0,85.0,180.0,1901.0,212.0,267.0,192.0,658.0,839.0,1014.0,326.0,2577.0,67.0,65.0,67.0,52.0,252.0,268.0
48,75.0,97.0,100.0,94.0,44.0,41.0,21.0,666.0,101.0,153.0,743.0,526.0,819.0,910.0,87.0,102.0,107.0,60.0,27.0,269.0,62.0,80.0,129.0,37.0,26.0,345.0,630.0,429.0,148.0,38.0,32.0,35.0,117.0,131.0,32.0,32.0,64.0,132.0,129.0,71.0,139.0,31.0,168.0,177.0,277.0,26.0,82.0,26.0,20.0,54.0,45.0,97.0,111.0,48.0,64.0,263.0,35.0,35.0,79.0,82.0,84.0,166.0,202.0,344.0,19.0,66.0,50.0,60.0,44.0,21.0,34.0,34.0,18.0,26.0,29.0,21.0,20.0,23.0,16.0,18.0,119.0,9.0,258.0,384.0,202.0,188.0,181.0,277.0,274.0,152.0,781.0,101.0,202.0,81.0,179.0,1904.0,212.0,277.0,205.0,685.0,853.0,1038.0,325.0,2456.0,65.0,59.0,61.0,49.0,239.0,250.0
49,61.0,95.0,96.0,91.0,46.0,42.0,21.0,672.0,100.0,148.0,747.0,524.0,826.0,913.0,82.0,97.0,108.0,53.0,19.0,268.0,61.0,78.0,128.0,35.0,26.0,343.0,638.0,434.0,144.0,35.0,30.0,32.0,112.0,126.0,30.0,32.0,60.0,123.0,122.0,68.0,133.0,34.0,167.0,169.0,252.0,24.0,77.0,25.0,20.0,52.0,44.0,97.0,114.0,49.0,63.0,280.0,35.0,32.0,78.0,76.0,79.0,159.0,197.0,324.0,18.0,65.0,48.0,59.0,43.0,20.0,33.0,33.0,17.0,25.0,28.0,19.0,18.0,23.0,15.0,17.0,112.0,9.0,249.0,394.0,206.0,189.0,182.0,265.0,263.0,154.0,779.0,100.0,204.0,80.0,174.0,1894.0,211.0,265.0,201.0,693.0,848.0,1028.0,325.0,2444.0,66.0,61.0,63.0,51.0,243.0,247.0
50,69.0,98.0,97.0,92.0,46.0,43.0,21.0,693.0,98.0,126.0,744.0,507.0,826.0,910.0,84.0,100.0,109.0,54.0,29.0,307.0,53.0,79.0,115.0,32.0,22.0,325.0,682.0,469.0,138.0,29.0,24.0,27.0,110.0,145.0,27.0,26.0,53.0,136.0,137.0,73.0,118.0,38.0,166.0,164.0,253.0,22.0,81.0,21.0,17.0,51.0,41.0,98.0,109.0,49.0,59.0,263.0,38.0,27.0,62.0,66.0,70.0,163.0,194.0,310.0,26.0,66.0,47.0,61.0,42.0,17.0,25.0,25.0,14.0,19.0,21.0,15.0,15.0,18.0,14.0,14.0,111.0,6.0,255.0,386.0,200.0,191.0,184.0,273.0,272.0,154.0,785.0,100.0,207.0,82.0,166.0,1873.0,211.0,275.0,203.0,704.0,869.0,1031.0,321.0,2436.0,66.0,62.0,64.0,51.0,245.0,248.0
51,68.0,100.0,97.0,89.0,44.0,41.0,20.0,713.0,94.0,104.0,758.0,486.0,849.0,937.0,82.0,98.0,106.0,51.0,33.0,311.0,48.0,78.0,101.0,27.0,19.0,298.0,702.0,472.0,124.0,25.0,19.0,22.0,95.0,148.0,23.0,15.0,42.0,135.0,138.0,69.0,111.0,34.0,159.0,155.0,244.0,19.0,76.0,18.0,14.0,45.0,37.0,96.0,100.0,46.0,57.0,246.0,36.0,23.0,41.0,60.0,58.0,159.0,187.0,287.0,29.0,62.0,44.0,59.0,41.0,14.0,15.0,15.0,12.0,11.0,12.0,14.0,14.0,13.0,11.0,11.0,112.0,7.0,257.0,363.0,187.0,181.0,174.0,275.0,272.0,148.0,747.0,94.0,198.0,79.0,158.0,1846.0,212.0,274.0,200.0,690.0,901.0,1061.0,314.0,2390.0,63.0,57.0,59.0,47.0,231.0,237.0
52,37.0,90.0,105.0,84.0,33.0,30.0,16.0,715.0,93.0,78.0,771.0,402.0,889.0,1010.0,96.0,108.0,110.0,43.0,28.0,302.0,49.0,73.0,79.0,23.0,16.0,273.0,698.0,469.0,148.0,29.0,24.0,26.0,111.0,128.0,18.0,4.0,31.0,109.0,117.0,52.0,121.0,29.0,140.0,149.0,218.0,19.0,57.0,24.0,20.0,52.0,49.0,99.0,108.0,36.0,55.0,290.0,49.0,27.0,15.0,55.0,34.0,136.0,172.0,250.0,2.0,63.0,48.0,60.0,46.0,19.0,7.0,6.0,18.0,4.0,6.0,19.0,19.0,15.0,8.0,6.0,131.0,21.0,267.0,377.0,151.0,158.0,153.0,312.0,296.0,145.0,688.0,93.0,179.0,74.0,144.0,1864.0,207.0,281.0,209.0,676.0,934.0,1092.0,276.0,2322.0,51.0,42.0,43.0,33.0,191.0,203.0
53,8.0,86.0,109.0,79.0,31.0,28.0,14.0,742.0,90.0,75.0,799.0,408.0,926.0,1060.0,101.0,111.0,108.0,32.0,9.0,251.0,53.0,68.0,84.0,24.0,13.0,263.0,716.0,442.0,139.0,30.0,25.0,27.0,100.0,74.0,14.0,1.0,28.0,64.0,73.0,26.0,113.0,31.0,135.0,122.0,151.0,19.0,46.0,26.0,21.0,48.0,49.0,101.0,103.0,35.0,55.0,306.0,55.0,28.0,6.0,60.0,26.0,98.0,142.0,177.0,21.0,60.0,48.0,58.0,48.0,21.0,2.0,1.0,18.0,0.0,1.0,20.0,19.0,18.0,7.0,5.0,142.0,27.0,279.0,387.0,148.0,150.0,144.0,336.0,313.0,147.0,678.0,89.0,175.0,67.0,144.0,1892.0,216.0,286.0,215.0,627.0,952.0,1108.0,261.0,2288.0,51.0,41.0,41.0,31.0,183.0,195.0
54,94.0,73.0,97.0,75.0,30.0,27.0,13.0,803.0,90.0,76.0,837.0,430.0,959.0,1090.0,98.0,104.0,112.0,15.0,45.0,221.0,53.0,65.0,89.0,25.0,12.0,271.0,768.0,444.0,150.0,32.0,27.0,28.0,102.0,23.0,13.0,1.0,27.0,11.0,24.0,14.0,106.0,30.0,136.0,73.0,31.0,18.0,39.0,28.0,23.0,48.0,51.0,108.0,102.0,35.0,62.0,337.0,60.0,31.0,7.0,58.0,14.0,48.0,89.0,80.0,33.0,55.0,44.0,54.0,45.0,23.0,4.0,2.0,21.0,1.0,2.0,19.0,18.0,21.0,5.0,4.0,155.0,34.0,299.0,397.0,153.0,157.0,152.0,358.0,331.0,148.0,667.0,84.0,182.0,61.0,135.0,1845.0,205.0,289.0,224.0,588.0,971.0,1113.0,243.0,2244.0,50.0,38.0,38.0,30.0,178.0,187.0
55,184.0,66.0,85.0,75.0,29.0,26.0,13.0,820.0,94.0,94.0,858.0,501.0,985.0,1105.0,93.0,93.0,113.0,0.0,98.0,194.0,60.0,71.0,108.0,30.0,13.0,291.0,783.0,431.0,137.0,33.0,28.0,30.0,91.0,24.0,14.0,3.0,33.0,37.0,24.0,5.0,81.0,41.0,140.0,33.0,80.0,19.0,42.0,28.0,21.0,49.0,50.0,112.0,86.0,36.0,65.0,320.0,68.0,31.0,18.0,67.0,9.0,10.0,51.0,3.0,43.0,50.0,40.0,53.0,45.0,23.0,9.0,7.0,20.0,5.0,6.0,12.0,11.0,28.0,4.0,6.0,172.0,50.0,325.0,397.0,162.0,166.0,163.0,376.0,358.0,151.0,689.0,79.0,195.0,63.0,155.0,1960.0,222.0,295.0,233.0,579.0,1003.0,1145.0,238.0,2257.0,50.0,35.0,36.0,29.0,179.0,190.0
56,19.0,75.0,87.0,66.0,23.0,21.0,13.0,651.0,73.0,96.0,706.0,470.0,798.0,900.0,70.0,85.0,70.0,36.0,32.0,201.0,47.0,64.0,106.0,26.0,15.0,272.0,638.0,386.0,101.0,24.0,18.0,20.0,69.0,66.0,17.0,7.0,32.0,67.0,69.0,33.0,113.0,20.0,121.0,127.0,189.0,15.0,51.0,17.0,12.0,39.0,32.0,69.0,72.0,27.0,62.0,190.0,38.0,22.0,30.0,65.0,42.0,105.0,138.0,187.0,5.0,44.0,35.0,48.0,38.0,13.0,10.0,10.0,11.0,8.0,8.0,26.0,24.0,16.0,6.0,9.0,107.0,40.0,197.0,288.0,113.0,159.0,155.0,212.0,209.0,101.0,632.0,75.0,155.0,64.0,149.0,1722.0,214.0,217.0,145.0,542.0,793.0,953.0,203.0,2135.0,37.0,33.0,33.0,25.0,167.0,179.0
57,16.0,69.0,80.0,58.0,24.0,22.0,12.0,682.0,67.0,94.0,747.0,439.0,839.0,927.0,64.0,76.0,68.0,32.0,42.0,179.0,45.0,63.0,97.0,27.0,13.0,245.0,630.0,354.0,108.0,27.0,19.0,20.0,64.0,60.0,21.0,12.0,36.0,56.0,56.0,37.0,87.0,25.0,126.0,119.0,200.0,16.0,55.0,18.0,13.0,44.0,35.0,65.0,50.0,27.0,66.0,191.0,42.0,23.0,30.0,57.0,47.0,87.0,122.0,169.0,4.0,42.0,32.0,50.0,38.0,14.0,12.0,12.0,11.0,9.0,9.0,22.0,19.0,15.0,6.0,9.0,108.0,44.0,186.0,286.0,106.0,165.0,163.0,202.0,198.0,91.0,651.0,66.0,162.0,62.0,137.0,1832.0,192.0,208.0,134.0,488.0,853.0,975.0,195.0,2186.0,36.0,34.0,32.0,25.0,164.0,177.0
58,15.0,58.0,71.0,52.0,23.0,20.0,11.0,703.0,70.0,97.0,796.0,439.0,896.0,1000.0,58.0,70.0,69.0,31.0,30.0,176.0,46.0,65.0,100.0,27.0,13.0,241.0,627.0,332.0,114.0,28.0,20.0,20.0,62.0,53.0,20.0,13.0,34.0,50.0,49.0,30.0,65.0,25.0,124.0,107.0,183.0,16.0,52.0,21.0,14.0,48.0,36.0,62.0,31.0,26.0,68.0,190.0,43.0,23.0,34.0,54.0,51.0,80.0,117.0,125.0,8.0,42.0,31.0,48.0,36.0,15.0,15.0,14.0,12.0,10.0,11.0,13.0,11.0,20.0,5.0,10.0,119.0,45.0,196.0,292.0,104.0,172.0,169.0,215.0,208.0,87.0,664.0,64.0,171.0,64.0,131.0,1922.0,184.0,213.0,137.0,487.0,966.0,1089.0,177.0,2257.0,34.0,31.0,30.0,23.0,154.0,169.0
59,7.0,50.0,64.0,48.0,21.0,19.0,10.0,711.0,70.0,101.0,808.0,454.0,924.0,1030.0,49.0,64.0,64.0,29.0,29.0,169.0,45.0,68.0,106.0,28.0,11.0,246.0,637.0,325.0,118.0,29.0,20.0,21.0,63.0,39.0,19.0,14.0,33.0,37.0,37.0,25.0,43.0,25.0,123.0,97.0,180.0,14.0,46.0,21.0,13.0,50.0,36.0,56.0,12.0,24.0,71.0,180.0,45.0,25.0,39.0,54.0,55.0,74.0,109.0,74.0,12.0,40.0,27.0,47.0,33.0,15.0,18.0,18.0,12.0,11.0,12.0,9.0,5.0,24.0,4.0,10.0,123.0,51.0,194.0,285.0,93.0,177.0,174.0,213.0,206.0,83.0,678.0,63.0,179.0,66.0,130.0,1950.0,182.0,217.0,134.0,479.0,1010.0,1137.0,158.0,2290.0,32.0,28.0,27.0,20.0,146.0,165.0
60,31.0,73.0,80.0,81.0,43.0,40.0,22.0,613.0,86.0,120.0,658.0,480.0,732.0,812.0,66.0,80.0,71.0,52.0,16.0,260.0,43.0,78.0,103.0,30.0,22.0,325.0,613.0,418.0,151.0,33.0,29.0,31.0,125.0,121.0,30.0,28.0,49.0,127.0,127.0,83.0,131.0,27.0,178.0,158.0,225.0,18.0,75.0,20.0,16.0,58.0,45.0,66.0,67.0,46.0,85.0,124.0,39.0,30.0,63.0,66.0,71.0,144.0,179.0,236.0,40.0,51.0,36.0,54.0,37.0,15.0,29.0,29.0,13.0,22.0,25.0,27.0,25.0,7.0,11.0,17.0,135.0,50.0,206.0,252.0,182.0,217.0,214.0,206.0,213.0,98.0,802.0,93.0,207.0,83.0,156.0,1576.0,197.0,241.0,147.0,537.0,773.0,940.0,314.0,2474.0,61.0,57.0,58.0,46.0,235.0,255.0
61,23.0,76.0,86.0,77.0,36.0,34.0,19.0,634.0,88.0,127.0,687.0,510.0,759.0,844.0,78.0,89.0,74.0,48.0,10.0,280.0,42.0,80.0,109.0,28.0,20.0,335.0,626.0,419.0,157.0,31.0,27.0,28.0,122.0,137.0,26.0,27.0,48.0,145.0,148.0,79.0,139.0,14.0,169.0,151.0,215.0,16.0,74.0,18.0,15.0,55.0,40.0,80.0,67.0,41.0,87.0,126.0,26.0,29.0,71.0,63.0,80.0,160.0,192.0,218.0,41.0,51.0,35.0,52.0,33.0,15.0,32.0,31.0,12.0,23.0,26.0,26.0,25.0,8.0,11.0,17.0,114.0,23.0,226.0,271.0,172.0,216.0,215.0,222.0,226.0,106.0,764.0,92.0,209.0,85.0,158.0,1533.0,184.0,242.0,151.0,506.0,848.0,1008.0,298.0,2456.0,53.0,47.0,47.0,38.0,216.0,236.0
62,0.0,82.0,85.0,71.0,31.0,28.0,16.0,655.0,81.0,128.0,718.0,532.0,797.0,889.0,79.0,83.0,75.0,41.0,2.0,269.0,41.0,72.0,114.0,24.0,18.0,338.0,626.0,391.0,159.0,30.0,26.0,26.0,118.0,135.0,22.0,25.0,42.0,151.0,155.0,71.0,164.0,1.0,151.0,154.0,191.0,15.0,65.0,18.0,14.0,51.0,36.0,86.0,74.0,36.0,88.0,138.0,15.0,27.0,71.0,58.0,84.0,167.0,195.0,194.0,35.0,46.0,35.0,43.0,30.0,14.0,32.0,31.0,13.0,25.0,27.0,31.0,29.0,6.0,9.0,14.0,93.0,16.0,210.0,267.0,148.0,196.0,194.0,206.0,208.0,100.0,666.0,82.0,188.0,73.0,141.0,1458.0,159.0,230.0,147.0,488.0,933.0,1095.0,255.0,2320.0,46.0,38.0,38.0,30.0,179.0,205.0
63,5.0,84.0,79.0,68.0,23.0,21.0,14.0,648.0,69.0,145.0,745.0,551.0,841.0,956.0,64.0,76.0,70.0,39.0,8.0,196.0,56.0,53.0,137.0,30.0,18.0,329.0,567.0,324.0,151.0,41.0,32.0,34.0,102.0,70.0,24.0,21.0,46.0,93.0,93.0,42.0,168.0,9.0,133.0,158.0,200.0,18.0,51.0,26.0,19.0,46.0,35.0,74.0,70.0,28.0,83.0,185.0,29.0,35.0,69.0,76.0,68.0,128.0,157.0,201.0,12.0,43.0,36.0,39.0,31.0,21.0,31.0,31.0,18.0,25.0,26.0,32.0,29.0,20.0,11.0,16.0,103.0,36.0,192.0,272.0,115.0,174.0,171.0,195.0,190.0,88.0,600.0,71.0,153.0,55.0,127.0,1545.0,148.0,223.0,146.0,564.0,1017.0,1175.0,220.0,2308.0,37.0,31.0,29.0,24.0,153.0,176.0
64,13.0,79.0,75.0,66.0,23.0,21.0,14.0,673.0,69.0,149.0,769.0,586.0,856.0,989.0,61.0,71.0,69.0,35.0,19.0,175.0,55.0,51.0,152.0,31.0,14.0,342.0,580.0,319.0,154.0,42.0,34.0,36.0,104.0,45.0,21.0,22.0,44.0,75.0,75.0,26.0,165.0,10.0,126.0,160.0,201.0,17.0,44.0,27.0,21.0,46.0,37.0,73.0,71.0,28.0,83.0,217.0,31.0,38.0,78.0,77.0,66.0,120.0,145.0,192.0,1.0,43.0,35.0,38.0,31.0,22.0,37.0,39.0,19.0,31.0,32.0,32.0,28.0,25.0,9.0,15.0,98.0,35.0,183.0,279.0,106.0,164.0,160.0,188.0,181.0,87.0,584.0,69.0,148.0,53.0,124.0,1549.0,150.0,220.0,145.0,562.0,1061.0,1213.0,211.0,2304.0,36.0,30.0,28.0,22.0,142.0,170.0
65,6.0,73.0,73.0,66.0,22.0,20.0,13.0,707.0,67.0,133.0,797.0,545.0,889.0,1006.0,59.0,71.0,69.0,36.0,52.0,194.0,53.0,52.0,133.0,27.0,14.0,336.0,620.0,338.0,166.0,41.0,33.0,33.0,109.0,71.0,23.0,19.0,42.0,96.0,96.0,43.0,149.0,10.0,124.0,178.0,245.0,17.0,46.0,27.0,20.0,47.0,36.0,67.0,60.0,26.0,80.0,217.0,32.0,36.0,58.0,71.0,70.0,136.0,166.0,208.0,6.0,42.0,34.0,38.0,30.0,21.0,29.0,29.0,19.0,23.0,24.0,26.0,23.0,20.0,9.0,14.0,95.0,37.0,178.0,281.0,103.0,164.0,163.0,187.0,176.0,83.0,583.0,67.0,147.0,54.0,116.0,1533.0,141.0,217.0,135.0,548.0,1059.0,1215.0,201.0,2264.0,33.0,29.0,27.0,21.0,139.0,166.0
66,26.0,79.0,80.0,66.0,20.0,17.0,12.0,732.0,66.0,137.0,843.0,569.0,929.0,1034.0,61.0,78.0,70.0,38.0,86.0,220.0,51.0,54.0,139.0,27.0,14.0,342.0,660.0,361.0,159.0,35.0,27.0,27.0,101.0,100.0,22.0,22.0,42.0,126.0,124.0,50.0,156.0,11.0,119.0,206.0,307.0,15.0,48.0,24.0,17.0,46.0,33.0,69.0,63.0,24.0,81.0,235.0,34.0,30.0,66.0,66.0,96.0,174.0,209.0,240.0,12.0,43.0,34.0,40.0,30.0,19.0,29.0,30.0,16.0,23.0,23.0,30.0,27.0,19.0,8.0,14.0,93.0,36.0,173.0,292.0,91.0,168.0,166.0,182.0,170.0,83.0,590.0,67.0,146.0,57.0,122.0,1621.0,147.0,213.0,129.0,565.0,1080.0,1231.0,173.0,2283.0,29.0,27.0,25.0,20.0,141.0,157.0
67,41.0,87.0,85.0,74.0,24.0,23.0,15.0,691.0,87.0,196.0,788.0,644.0,856.0,911.0,80.0,84.0,73.0,50.0,52.0,320.0,50.0,72.0,165.0,33.0,22.0,427.0,674.0,461.0,197.0,36.0,33.0,32.0,154.0,185.0,29.0,56.0,65.0,191.0,190.0,105.0,203.0,11.0,145.0,228.0,318.0,17.0,71.0,23.0,18.0,58.0,43.0,85.0,87.0,30.0,86.0,174.0,24.0,33.0,136.0,67.0,136.0,217.0,233.0,320.0,34.0,53.0,41.0,47.0,33.0,18.0,66.0,67.0,16.0,53.0,58.0,39.0,38.0,11.0,14.0,23.0,90.0,29.0,167.0,267.0,119.0,186.0,185.0,173.0,173.0,86.0,657.0,90.0,179.0,75.0,156.0,1477.0,157.0,208.0,136.0,529.0,932.0,1112.0,204.0,2351.0,35.0,29.0,28.0,25.0,169.0,182.0
68,48.0,94.0,95.0,79.0,20.0,19.0,14.0,687.0,90.0,181.0,771.0,617.0,837.0,894.0,93.0,92.0,79.0,55.0,58.0,362.0,47.0,81.0,148.0,32.0,24.0,422.0,680.0,481.0,204.0,35.0,33.0,33.0,166.0,219.0,31.0,54.0,67.0,221.0,222.0,123.0,232.0,20.0,148.0,249.0,355.0,18.0,80.0,22.0,18.0,61.0,46.0,96.0,103.0,25.0,92.0,170.0,12.0,32.0,125.0,65.0,139.0,236.0,252.0,360.0,44.0,55.0,41.0,50.0,34.0,18.0,61.0,60.0,16.0,49.0,55.0,47.0,45.0,3.0,14.0,21.0,80.0,25.0,183.0,268.0,121.0,194.0,195.0,184.0,185.0,90.0,650.0,90.0,184.0,81.0,161.0,1471.0,165.0,211.0,138.0,510.0,904.0,1098.0,189.0,2267.0,28.0,23.0,21.0,21.0,172.0,181.0
69,80.0,104.0,100.0,86.0,23.0,21.0,16.0,686.0,86.0,145.0,742.0,568.0,807.0,878.0,97.0,97.0,81.0,67.0,78.0,396.0,47.0,78.0,118.0,27.0,25.0,399.0,672.0,511.0,206.0,37.0,35.0,35.0,176.0,250.0,33.0,36.0,59.0,240.0,243.0,134.0,265.0,29.0,162.0,278.0,440.0,21.0,81.0,23.0,20.0,59.0,48.0,98.0,110.0,28.0,99.0,162.0,16.0,33.0,80.0,64.0,121.0,239.0,252.0,399.0,57.0,54.0,42.0,52.0,36.0,19.0,41.0,39.0,18.0,32.0,36.0,57.0,55.0,7.0,14.0,16.0,92.0,41.0,175.0,246.0,119.0,197.0,197.0,179.0,179.0,90.0,640.0,87.0,183.0,78.0,153.0,1377.0,166.0,210.0,138.0,512.0,858.0,1064.0,203.0,2246.0,31.0,25.0,24.0,21.0,177.0,194.0
70,96.0,123.0,111.0,95.0,26.0,25.0,19.0,660.0,85.0,133.0,685.0,551.0,737.0,813.0,103.0,107.0,86.0,76.0,88.0,402.0,51.0,73.0,113.0,26.0,26.0,386.0,661.0,512.0,197.0,39.0,37.0,38.0,175.0,255.0,36.0,28.0,60.0,244.0,244.0,140.0,291.0,34.0,171.0,299.0,473.0,24.0,85.0,25.0,22.0,56.0,47.0,106.0,121.0,32.0,101.0,154.0,19.0,35.0,61.0,71.0,113.0,237.0,245.0,432.0,66.0,56.0,45.0,51.0,38.0,20.0,31.0,29.0,19.0,25.0,28.0,63.0,62.0,12.0,15.0,16.0,100.0,47.0,181.0,236.0,130.0,192.0,191.0,188.0,184.0,97.0,623.0,87.0,179.0,73.0,150.0,1306.0,172.0,220.0,147.0,532.0,787.0,984.0,226.0,2156.0,35.0,29.0,28.0,26.0,194.0,204.0
71,125.0,117.0,109.0,97.0,27.0,26.0,20.0,636.0,85.0,133.0,650.0,527.0,696.0,769.0,104.0,106.0,83.0,85.0,119.0,411.0,50.0,76.0,111.0,25.0,24.0,386.0,657.0,530.0,208.0,42.0,40.0,42.0,190.0,271.0,38.0,27.0,62.0,257.0,256.0,149.0,303.0,40.0,176.0,326.0,557.0,26.0,87.0,26.0,24.0,60.0,53.0,97.0,116.0,32.0,104.0,149.0,23.0,38.0,61.0,73.0,122.0,249.0,260.0,461.0,67.0,56.0,46.0,53.0,41.0,22.0,32.0,29.0,21.0,25.0,29.0,65.0,64.0,14.0,15.0,16.0,108.0,53.0,173.0,227.0,126.0,194.0,191.0,180.0,178.0,93.0,625.0,86.0,177.0,75.0,151.0,1267.0,171.0,221.0,141.0,510.0,768.0,964.0,219.0,2137.0,35.0,30.0,29.0,25.0,188.0,209.0
72,126.0,116.0,107.0,93.0,24.0,24.0,19.0,669.0,90.0,137.0,674.0,552.0,715.0,783.0,103.0,106.0,79.0,81.0,127.0,474.0,50.0,79.0,114.0,25.0,24.0,413.0,698.0,583.0,223.0,42.0,40.0,40.0,199.0,323.0,39.0,29.0,65.0,293.0,297.0,168.0,304.0,40.0,175.0,335.0,581.0,26.0,94.0,26.0,24.0,63.0,56.0,100.0,108.0,30.0,100.0,133.0,22.0,37.0,65.0,71.0,127.0,270.0,270.0,510.0,75.0,61.0,48.0,57.0,42.0,21.0,34.0,31.0,20.0,27.0,31.0,63.0,62.0,18.0,16.0,16.0,103.0,52.0,165.0,212.0,118.0,191.0,190.0,172.0,171.0,86.0,632.0,91.0,180.0,79.0,157.0,1258.0,174.0,214.0,134.0,513.0,777.0,979.0,214.0,2170.0,31.0,26.0,26.0,23.0,188.0,203.0
73,128.0,108.0,116.0,91.0,19.0,18.0,15.0,761.0,96.0,173.0,798.0,627.0,833.0,891.0,113.0,115.0,80.0,78.0,148.0,509.0,59.0,80.0,134.0,30.0,26.0,465.0,759.0,631.0,240.0,47.0,46.0,45.0,209.0,370.0,45.0,43.0,80.0,326.0,341.0,180.0,296.0,36.0,169.0,366.0,629.0,30.0,96.0,31.0,28.0,66.0,57.0,102.0,104.0,24.0,95.0,142.0,18.0,41.0,94.0,80.0,164.0,314.0,311.0,581.0,72.0,65.0,51.0,59.0,42.0,25.0,49.0,46.0,23.0,38.0,46.0,58.0,56.0,19.0,19.0,21.0,114.0,52.0,182.0,232.0,113.0,192.0,194.0,192.0,189.0,90.0,659.0,95.0,183.0,79.0,167.0,1340.0,168.0,219.0,138.0,525.0,816.0,1039.0,215.0,2339.0,24.0,20.0,19.0,18.0,181.0,196.0
74,132.0,123.0,137.0,97.0,18.0,17.0,15.0,805.0,104.0,177.0,819.0,673.0,839.0,887.0,132.0,134.0,87.0,80.0,165.0,547.0,66.0,86.0,145.0,29.0,29.0,507.0,821.0,681.0,249.0,48.0,45.0,44.0,209.0,399.0,47.0,41.0,84.0,344.0,363.0,190.0,313.0,35.0,166.0,398.0,663.0,34.0,103.0,32.0,29.0,67.0,59.0,114.0,114.0,24.0,89.0,141.0,17.0,41.0,88.0,88.0,169.0,332.0,335.0,632.0,79.0,72.0,58.0,63.0,47.0,26.0,43.0,39.0,24.0,34.0,39.0,57.0,57.0,23.0,20.0,19.0,120.0,51.0,196.0,240.0,116.0,183.0,182.0,208.0,206.0,101.0,650.0,104.0,181.0,84.0,187.0,1380.0,199.0,228.0,148.0,572.0,781.0,1022.0,223.0,2330.0,23.0,19.0,19.0,17.0,180.0,195.0
75,161.0,136.0,144.0,100.0,19.0,17.0,15.0,770.0,103.0,180.0,805.0,659.0,819.0,871.0,137.0,138.0,91.0,82.0,179.0,539.0,68.0,81.0,141.0,30.0,29.0,495.0,762.0,645.0,248.0,51.0,49.0,49.0,214.0,408.0,52.0,44.0,91.0,357.0,374.0,197.0,334.0,38.0,167.0,425.0,697.0,37.0,105.0,34.0,31.0,67.0,61.0,121.0,123.0,24.0,83.0,142.0,19.0,45.0,88.0,91.0,183.0,344.0,345.0,681.0,80.0,75.0,63.0,63.0,50.0,28.0,44.0,42.0,27.0,37.0,42.0,61.0,61.0,28.0,22.0,21.0,114.0,51.0,192.0,237.0,115.0,169.0,167.0,209.0,206.0,103.0,613.0,104.0,168.0,81.0,182.0,1329.0,187.0,231.0,153.0,601.0,771.0,1006.0,236.0,2286.0,23.0,19.0,19.0,17.0,178.0,193.0
76,196.0,136.0,144.0,101.0,18.0,17.0,15.0,737.0,99.0,158.0,777.0,596.0,793.0,849.0,135.0,137.0,91.0,87.0,196.0,539.0,61.0,80.0,121.0,26.0,25.0,463.0,722.0,628.0,247.0,47.0,46.0,45.0,218.0,420.0,47.0,39.0,81.0,366.0,383.0,197.0,331.0,41.0,160.0,436.0,733.0,33.0,104.0,32.0,30.0,68.0,63.0,116.0,134.0,22.0,79.0,172.0,24.0,41.0,77.0,78.0,176.0,356.0,359.0,699.0,81.0,75.0,62.0,66.0,51.0,26.0,42.0,39.0,25.0,35.0,40.0,63.0,63.0,28.0,20.0,18.0,110.0,41.0,189.0,257.0,111.0,167.0,165.0,207.0,204.0,102.0,600.0,100.0,162.0,80.0,171.0,1261.0,174.0,224.0,151.0,598.0,748.0,966.0,228.0,2245.0,21.0,18.0,17.0,16.0,174.0,185.0
77,215.0,135.0,141.0,101.0,18.0,17.0,15.0,704.0,100.0,166.0,749.0,588.0,770.0,826.0,133.0,137.0,91.0,88.0,211.0,529.0,57.0,83.0,123.0,28.0,25.0,449.0,691.0,617.0,245.0,47.0,46.0,46.0,219.0,418.0,45.0,48.0,84.0,370.0,384.0,198.0,342.0,46.0,161.0,451.0,774.0,32.0,106.0,31.0,30.0,71.0,68.0,112.0,140.0,22.0,81.0,193.0,27.0,41.0,95.0,76.0,191.0,366.0,370.0,740.0,80.0,77.0,64.0,69.0,54.0,25.0,51.0,48.0,25.0,44.0,50.0,68.0,67.0,28.0,20.0,19.0,112.0,39.0,188.0,268.0,110.0,165.0,163.0,208.0,202.0,103.0,600.0,101.0,158.0,83.0,175.0,1268.0,174.0,225.0,152.0,600.0,731.0,932.0,228.0,2222.0,22.0,19.0,18.0,17.0,175.0,188.0
78,209.0,131.0,138.0,94.0,13.0,12.0,11.0,704.0,101.0,174.0,757.0,588.0,777.0,826.0,130.0,133.0,81.0,79.0,222.0,554.0,56.0,89.0,127.0,29.0,25.0,447.0,697.0,630.0,255.0,49.0,48.0,47.0,229.0,446.0,47.0,53.0,90.0,388.0,400.0,208.0,366.0,55.0,158.0,468.0,799.0,32.0,111.0,32.0,30.0,74.0,71.0,101.0,133.0,16.0,87.0,174.0,29.0,43.0,103.0,76.0,200.0,382.0,385.0,780.0,82.0,77.0,65.0,74.0,57.0,25.0,57.0,56.0,25.0,51.0,58.0,78.0,77.0,30.0,20.0,20.0,110.0,41.0,180.0,253.0,93.0,175.0,176.0,200.0,196.0,94.0,619.0,101.0,162.0,87.0,181.0,1308.0,175.0,216.0,140.0,563.0,725.0,921.0,206.0,2221.0,16.0,14.0,13.0,13.0,174.0,180.0
79,222.0,127.0,131.0,91.0,14.0,13.0,12.0,703.0,99.0,189.0,771.0,586.0,789.0,833.0,123.0,125.0,77.0,83.0,236.0,551.0,59.0,89.0,128.0,33.0,26.0,455.0,683.0,621.0,251.0,52.0,50.0,50.0,221.0,459.0,52.0,62.0,102.0,395.0,411.0,214.0,378.0,56.0,164.0,484.0,860.0,34.0,115.0,32.0,31.0,75.0,72.0,95.0,128.0,17.0,91.0,173.0,30.0,45.0,118.0,82.0,228.0,390.0,390.0,826.0,85.0,77.0,64.0,75.0,58.0,26.0,63.0,62.0,26.0,56.0,64.0,82.0,80.0,35.0,21.0,23.0,112.0,44.0,168.0,245.0,91.0,178.0,179.0,191.0,184.0,88.0,628.0,100.0,165.0,88.0,186.0,1337.0,168.0,206.0,135.0,542.0,728.0,923.0,204.0,2263.0,16.0,15.0,14.0,14.0,179.0,185.0
80,221.0,126.0,128.0,88.0,13.0,13.0,12.0,687.0,98.0,191.0,767.0,580.0,789.0,828.0,116.0,121.0,71.0,87.0,231.0,551.0,60.0,92.0,128.0,33.0,29.0,445.0,663.0,607.0,252.0,54.0,53.0,52.0,223.0,462.0,56.0,64.0,106.0,398.0,411.0,222.0,404.0,64.0,170.0,493.0,884.0,35.0,120.0,33.0,32.0,76.0,73.0,88.0,122.0,15.0,98.0,153.0,33.0,46.0,119.0,84.0,229.0,394.0,395.0,849.0,90.0,77.0,65.0,77.0,59.0,26.0,64.0,63.0,26.0,57.0,65.0,94.0,92.0,35.0,23.0,24.0,114.0,54.0,162.0,229.0,86.0,194.0,194.0,185.0,179.0,83.0,656.0,99.0,172.0,91.0,190.0,1355.0,174.0,203.0,131.0,535.0,708.0,903.0,209.0,2313.0,15.0,15.0,13.0,14.0,190.0,190.0
81,217.0,122.0,117.0,88.0,17.0,17.0,15.0,694.0,95.0,166.0,751.0,554.0,772.0,821.0,107.0,113.0,67.0,93.0,233.0,561.0,56.0,89.0,116.0,29.0,27.0,434.0,675.0,623.0,251.0,50.0,50.0,49.0,227.0,467.0,50.0,52.0,92.0,406.0,418.0,217.0,405.0,64.0,178.0,497.0,906.0,33.0,114.0,32.0,31.0,74.0,72.0,89.0,119.0,20.0,97.0,145.0,31.0,44.0,96.0,76.0,207.0,394.0,399.0,830.0,92.0,75.0,62.0,76.0,58.0,25.0,54.0,53.0,25.0,48.0,56.0,94.0,94.0,33.0,22.0,21.0,108.0,54.0,147.0,219.0,93.0,197.0,194.0,170.0,164.0,81.0,656.0,96.0,173.0,88.0,178.0,1317.0,172.0,202.0,126.0,543.0,688.0,889.0,217.0,2335.0,21.0,20.0,18.0,18.0,194.0,201.0
82,208.0,121.0,112.0,88.0,21.0,20.0,17.0,665.0,94.0,145.0,719.0,527.0,749.0,806.0,101.0,107.0,64.0,96.0,218.0,543.0,56.0,89.0,107.0,24.0,26.0,405.0,652.0,605.0,232.0,46.0,46.0,45.0,211.0,453.0,48.0,36.0,79.0,399.0,403.0,199.0,429.0,66.0,184.0,494.0,906.0,33.0,114.0,30.0,29.0,70.0,68.0,89.0,123.0,24.0,102.0,143.0,32.0,40.0,67.0,72.0,176.0,390.0,394.0,822.0,99.0,75.0,64.0,76.0,59.0,25.0,37.0,35.0,25.0,32.0,36.0,103.0,102.0,33.0,20.0,16.0,108.0,58.0,139.0,217.0,97.0,202.0,199.0,161.0,157.0,80.0,663.0,95.0,171.0,89.0,180.0,1314.0,190.0,197.0,123.0,533.0,652.0,844.0,228.0,2331.0,25.0,25.0,23.0,22.0,202.0,208.0
83,216.0,122.0,108.0,89.0,24.0,22.0,19.0,636.0,91.0,131.0,689.0,493.0,726.0,785.0,97.0,104.0,63.0,95.0,217.0,560.0,52.0,87.0,98.0,21.0,24.0,376.0,631.0,604.0,225.0,43.0,42.0,42.0,205.0,475.0,45.0,30.0,71.0,417.0,425.0,196.0,434.0,71.0,185.0,492.0,917.0,31.0,111.0,29.0,28.0,68.0,67.0,90.0,125.0,25.0,104.0,145.0,32.0,37.0,56.0,65.0,158.0,405.0,401.0,839.0,105.0,74.0,63.0,74.0,57.0,23.0,31.0,30.0,24.0,27.0,31.0,106.0,107.0,32.0,20.0,15.0,105.0,55.0,138.0,221.0,101.0,205.0,200.0,158.0,153.0,80.0,653.0,92.0,167.0,85.0,168.0,1266.0,179.0,198.0,122.0,523.0,657.0,833.0,224.0,2289.0,26.0,28.0,26.0,24.0,202.0,212.0
84,218.0,122.0,107.0,89.0,25.0,23.0,20.0,615.0,89.0,131.0,668.0,491.0,710.0,774.0,95.0,102.0,61.0,98.0,218.0,550.0,52.0,84.0,98.0,21.0,23.0,369.0,603.0,588.0,213.0,42.0,42.0,42.0,199.0,475.0,45.0,28.0,70.0,423.0,427.0,192.0,441.0,74.0,190.0,492.0,929.0,31.0,110.0,28.0,28.0,64.0,65.0,91.0,124.0,26.0,104.0,141.0,31.0,36.0,54.0,66.0,159.0,410.0,404.0,843.0,106.0,73.0,62.0,74.0,56.0,22.0,29.0,28.0,23.0,25.0,30.0,109.0,108.0,32.0,20.0,16.0,102.0,52.0,137.0,219.0,105.0,204.0,201.0,157.0,152.0,79.0,647.0,91.0,166.0,83.0,168.0,1232.0,179.0,199.0,122.0,524.0,655.0,824.0,231.0,2266.0,28.0,31.0,29.0,26.0,205.0,218.0
85,208.0,127.0,111.0,89.0,26.0,25.0,21.0,635.0,88.0,105.0,643.0,451.0,659.0,710.0,102.0,107.0,65.0,101.0,254.0,594.0,43.0,89.0,80.0,16.0,23.0,360.0,654.0,633.0,240.0,39.0,41.0,39.0,227.0,504.0,43.0,26.0,67.0,452.0,456.0,215.0,478.0,81.0,199.0,565.0,981.0,29.0,114.0,26.0,27.0,69.0,73.0,96.0,141.0,29.0,113.0,145.0,32.0,34.0,41.0,55.0,163.0,434.0,446.0,862.0,109.0,72.0,62.0,78.0,62.0,21.0,26.0,25.0,22.0,23.0,27.0,125.0,124.0,35.0,17.0,13.0,98.0,60.0,123.0,204.0,102.0,204.0,204.0,147.0,140.0,76.0,632.0,87.0,167.0,86.0,162.0,1164.0,181.0,183.0,113.0,479.0,553.0,713.0,227.0,2154.0,28.0,30.0,28.0,26.0,210.0,218.0
86,216.0,131.0,114.0,91.0,27.0,26.0,21.0,629.0,85.0,117.0,638.0,435.0,651.0,697.0,108.0,111.0,69.0,109.0,271.0,572.0,45.0,85.0,82.0,22.0,25.0,350.0,650.0,620.0,239.0,43.0,45.0,45.0,231.0,484.0,48.0,38.0,81.0,439.0,441.0,221.0,486.0,79.0,200.0,591.0,1013.0,33.0,114.0,29.0,29.0,69.0,72.0,98.0,147.0,30.0,116.0,151.0,34.0,39.0,54.0,59.0,187.0,433.0,450.0,885.0,99.0,71.0,61.0,75.0,60.0,23.0,35.0,35.0,24.0,33.0,37.0,126.0,126.0,36.0,19.0,16.0,99.0,65.0,120.0,202.0,102.0,199.0,200.0,144.0,140.0,77.0,616.0,86.0,163.0,82.0,156.0,1222.0,165.0,181.0,113.0,472.0,534.0,693.0,221.0,2116.0,29.0,31.0,29.0,26.0,210.0,220.0
87,204.0,131.0,116.0,91.0,28.0,26.0,22.0,637.0,85.0,114.0,640.0,427.0,658.0,708.0,109.0,111.0,70.0,109.0,278.0,572.0,44.0,85.0,80.0,22.0,25.0,348.0,658.0,621.0,240.0,43.0,46.0,45.0,236.0,485.0,48.0,37.0,80.0,441.0,442.0,224.0,488.0,81.0,203.0,602.0,1003.0,33.0,115.0,29.0,30.0,71.0,73.0,98.0,146.0,30.0,117.0,147.0,33.0,40.0,51.0,60.0,187.0,430.0,451.0,873.0,100.0,71.0,61.0,75.0,60.0,24.0,34.0,34.0,25.0,32.0,36.0,126.0,126.0,35.0,19.0,16.0,101.0,67.0,120.0,197.0,102.0,198.0,197.0,143.0,139.0,76.0,613.0,85.0,163.0,82.0,154.0,1246.0,163.0,176.0,114.0,431.0,544.0,709.0,212.0,2068.0,30.0,30.0,29.0,27.0,214.0,218.0
88,198.0,129.0,110.0,90.0,28.0,27.0,22.0,638.0,84.0,114.0,642.0,429.0,670.0,725.0,103.0,105.0,68.0,109.0,285.0,563.0,43.0,85.0,83.0,22.0,25.0,337.0,661.0,618.0,233.0,42.0,44.0,43.0,230.0,473.0,46.0,35.0,76.0,440.0,433.0,221.0,489.0,82.0,203.0,607.0,991.0,31.0,113.0,28.0,28.0,70.0,71.0,98.0,147.0,31.0,119.0,150.0,27.0,38.0,50.0,59.0,182.0,430.0,452.0,863.0,105.0,70.0,62.0,75.0,61.0,22.0,32.0,31.0,24.0,31.0,34.0,127.0,124.0,36.0,19.0,16.0,90.0,66.0,113.0,197.0,102.0,196.0,198.0,137.0,131.0,74.0,610.0,85.0,160.0,82.0,155.0,1289.0,169.0,178.0,110.0,407.0,563.0,735.0,191.0,2023.0,30.0,32.0,31.0,28.0,217.0,220.0
89,193.0,129.0,111.0,88.0,24.0,23.0,20.0,639.0,83.0,112.0,657.0,428.0,698.0,758.0,103.0,104.0,66.0,106.0,286.0,554.0,42.0,88.0,82.0,21.0,25.0,330.0,659.0,608.0,228.0,40.0,43.0,43.0,232.0,468.0,44.0,34.0,73.0,437.0,423.0,216.0,483.0,86.0,196.0,598.0,971.0,29.0,116.0,27.0,27.0,70.0,72.0,95.0,142.0,27.0,119.0,140.0,22.0,37.0,49.0,57.0,175.0,422.0,447.0,847.0,106.0,68.0,60.0,76.0,61.0,21.0,32.0,31.0,22.0,30.0,34.0,129.0,126.0,34.0,19.0,15.0,85.0,59.0,116.0,191.0,95.0,200.0,202.0,138.0,133.0,71.0,613.0,83.0,164.0,83.0,154.0,1318.0,170.0,173.0,109.0,365.0,609.0,781.0,171.0,2006.0,27.0,27.0,25.0,25.0,214.0,211.0
90,223.0,138.0,125.0,98.0,22.0,20.0,18.0,635.0,89.0,124.0,666.0,450.0,718.0,797.0,115.0,116.0,76.0,94.0,290.0,515.0,48.0,82.0,92.0,23.0,23.0,347.0,654.0,582.0,222.0,42.0,43.0,44.0,219.0,426.0,42.0,33.0,70.0,393.0,386.0,192.0,403.0,66.0,172.0,550.0,885.0,29.0,103.0,29.0,29.0,70.0,72.0,100.0,144.0,24.0,94.0,172.0,21.0,38.0,56.0,64.0,168.0,392.0,413.0,792.0,89.0,73.0,63.0,73.0,59.0,23.0,34.0,33.0,24.0,31.0,35.0,89.0,89.0,29.0,18.0,15.0,90.0,53.0,142.0,224.0,99.0,161.0,159.0,163.0,156.0,85.0,563.0,89.0,148.0,80.0,155.0,1353.0,169.0,198.0,130.0,438.0,674.0,864.0,163.0,1942.0,25.0,23.0,22.0,20.0,184.0,191.0
91,210.0,124.0,113.0,92.0,23.0,21.0,18.0,647.0,90.0,129.0,683.0,478.0,752.0,840.0,105.0,107.0,72.0,88.0,241.0,487.0,52.0,80.0,101.0,25.0,21.0,358.0,670.0,572.0,203.0,40.0,40.0,40.0,188.0,382.0,38.0,27.0,62.0,346.0,351.0,162.0,333.0,46.0,163.0,450.0,792.0,27.0,96.0,28.0,26.0,67.0,65.0,92.0,115.0,26.0,86.0,159.0,21.0,36.0,57.0,69.0,148.0,350.0,362.0,709.0,77.0,72.0,60.0,70.0,54.0,22.0,30.0,28.0,22.0,25.0,29.0,65.0,65.0,19.0,16.0,15.0,92.0,42.0,151.0,231.0,103.0,156.0,152.0,170.0,164.0,87.0,583.0,93.0,150.0,81.0,163.0,1440.0,184.0,214.0,135.0,513.0,748.0,949.0,187.0,2088.0,28.0,26.0,25.0,21.0,171.0,193.0
92,161.0,123.0,113.0,92.0,23.0,22.0,18.0,666.0,89.0,134.0,717.0,512.0,791.0,881.0,105.0,109.0,75.0,78.0,189.0,469.0,53.0,78.0,110.0,26.0,21.0,359.0,694.0,569.0,197.0,40.0,38.0,38.0,174.0,352.0,37.0,26.0,60.0,324.0,326.0,149.0,320.0,39.0,163.0,399.0,678.0,26.0,90.0,27.0,24.0,64.0,59.0,96.0,114.0,27.0,91.0,155.0,19.0,35.0,58.0,70.0,137.0,323.0,330.0,625.0,73.0,69.0,56.0,65.0,49.0,21.0,29.0,27.0,21.0,24.0,28.0,64.0,63.0,17.0,16.0,16.0,95.0,42.0,166.0,239.0,106.0,167.0,164.0,176.0,173.0,90.0,609.0,92.0,156.0,80.0,162.0,1500.0,184.0,218.0,138.0,515.0,808.0,1004.0,187.0,2164.0,30.0,26.0,25.0,22.0,175.0,192.0
93,95.0,117.0,112.0,88.0,25.0,23.0,18.0,710.0,90.0,131.0,757.0,528.0,841.0,926.0,105.0,105.0,78.0,71.0,127.0,385.0,55.0,79.0,109.0,27.0,22.0,356.0,701.0,518.0,195.0,43.0,41.0,41.0,167.0,266.0,35.0,20.0,53.0,250.0,252.0,120.0,309.0,32.0,170.0,337.0,533.0,25.0,83.0,29.0,25.0,65.0,56.0,101.0,116.0,31.0,100.0,163.0,15.0,38.0,50.0,74.0,108.0,258.0,278.0,499.0,59.0,63.0,54.0,59.0,48.0,23.0,27.0,24.0,22.0,20.0,23.0,64.0,62.0,10.0,14.0,15.0,98.0,43.0,180.0,255.0,120.0,180.0,180.0,189.0,185.0,92.0,643.0,92.0,167.0,78.0,160.0,1558.0,188.0,220.0,145.0,480.0,835.0,1034.0,204.0,2239.0,34.0,30.0,28.0,24.0,179.0,205.0
94,69.0,120.0,114.0,85.0,18.0,17.0,14.0,767.0,87.0,132.0,831.0,562.0,927.0,1010.0,107.0,106.0,77.0,62.0,89.0,348.0,53.0,77.0,112.0,27.0,21.0,347.0,718.0,489.0,188.0,43.0,39.0,39.0,152.0,229.0,34.0,19.0,50.0,216.0,219.0,108.0,290.0,29.0,157.0,288.0,444.0,24.0,79.0,28.0,23.0,61.0,51.0,102.0,112.0,23.0,105.0,163.0,11.0,38.0,47.0,73.0,96.0,224.0,242.0,422.0,50.0,57.0,48.0,57.0,46.0,23.0,26.0,22.0,21.0,18.0,21.0,64.0,61.0,7.0,12.0,14.0,95.0,41.0,200.0,264.0,110.0,191.0,191.0,203.0,201.0,91.0,656.0,88.0,173.0,76.0,157.0,1628.0,185.0,224.0,148.0,516.0,895.0,1090.0,201.0,2360.0,26.0,22.0,19.0,19.0,176.0,190.0
95,54.0,115.0,105.0,81.0,19.0,17.0,14.0,757.0,85.0,156.0,857.0,598.0,963.0,1062.0,89.0,91.0,68.0,64.0,67.0,297.0,59.0,74.0,131.0,33.0,23.0,353.0,711.0,446.0,171.0,45.0,40.0,41.0,136.0,171.0,34.0,25.0,56.0,177.0,176.0,92.0,261.0,21.0,159.0,257.0,390.0,24.0,75.0,29.0,22.0,62.0,47.0,90.0,91.0,25.0,104.0,156.0,10.0,40.0,65.0,85.0,103.0,196.0,224.0,349.0,42.0,57.0,48.0,55.0,44.0,23.0,32.0,29.0,20.0,23.0,27.0,55.0,51.0,1.0,13.0,18.0,89.0,43.0,189.0,269.0,113.0,197.0,197.0,189.0,189.0,83.0,694.0,88.0,176.0,75.0,160.0,1791.0,190.0,231.0,148.0,573.0,936.0,1139.0,190.0,2476.0,29.0,24.0,21.0,20.0,179.0,198.0
96,15.0,102.0,92.0,73.0,18.0,15.0,12.0,747.0,86.0,153.0,852.0,571.0,970.0,1073.0,78.0,82.0,63.0,52.0,32.0,229.0,61.0,72.0,139.0,35.0,22.0,342.0,699.0,402.0,172.0,48.0,43.0,44.0,127.0,93.0,27.0,20.0,46.0,107.0,105.0,52.0,233.0,18.0,144.0,197.0,280.0,22.0,61.0,33.0,24.0,62.0,48.0,75.0,72.0,23.0,104.0,163.0,22.0,44.0,63.0,89.0,70.0,136.0,168.0,242.0,12.0,54.0,46.0,53.0,44.0,26.0,34.0,32.0,22.0,25.0,29.0,48.0,44.0,15.0,12.0,17.0,106.0,57.0,185.0,273.0,106.0,188.0,188.0,192.0,189.0,77.0,702.0,90.0,175.0,73.0,158.0,1897.0,204.0,235.0,151.0,610.0,953.0,1163.0,175.0,2473.0,29.0,23.0,20.0,19.0,169.0,191.0
97,9.0,91.0,75.0,67.0,19.0,17.0,13.0,775.0,82.0,154.0,886.0,598.0,1009.0,1113.0,58.0,69.0,56.0,46.0,15.0,185.0,61.0,68.0,155.0,38.0,19.0,323.0,740.0,392.0,147.0,43.0,37.0,39.0,104.0,40.0,23.0,18.0,41.0,53.0,51.0,26.0,176.0,8.0,135.0,137.0,202.0,19.0,52.0,30.0,21.0,54.0,42.0,60.0,44.0,25.0,96.0,164.0,32.0,39.0,64.0,88.0,44.0,88.0,115.0,157.0,0.0,51.0,41.0,49.0,40.0,23.0,30.0,28.0,20.0,22.0,24.0,33.0,29.0,24.0,10.0,16.0,118.0,65.0,184.0,271.0,105.0,184.0,179.0,193.0,190.0,77.0,709.0,81.0,175.0,68.0,152.0,1990.0,212.0,235.0,150.0,618.0,998.0,1188.0,165.0,2464.0,33.0,28.0,24.0,22.0,166.0,188.0
98,12.0,86.0,65.0,64.0,20.0,18.0,13.0,776.0,80.0,153.0,888.0,606.0,1008.0,1113.0,47.0,61.0,51.0,43.0,16.0,185.0,63.0,65.0,162.0,38.0,17.0,321.0,754.0,392.0,140.0,42.0,36.0,37.0,97.0,20.0,21.0,17.0,40.0,28.0,26.0,17.0,139.0,0.0,132.0,110.0,184.0,18.0,48.0,30.0,20.0,52.0,40.0,55.0,27.0,26.0,92.0,158.0,36.0,39.0,63.0,89.0,34.0,66.0,88.0,122.0,7.0,48.0,39.0,47.0,38.0,23.0,29.0,28.0,19.0,21.0,23.0,23.0,19.0,31.0,9.0,16.0,109.0,61.0,166.0,258.0,102.0,177.0,171.0,175.0,172.0,71.0,698.0,78.0,178.0,66.0,149.0,2000.0,213.0,217.0,140.0,604.0,1024.0,1206.0,163.0,2433.0,35.0,28.0,26.0,22.0,160.0,182.0
99,8.0,82.0,61.0,60.0,21.0,18.0,12.0,728.0,80.0,172.0,858.0,615.0,977.0,1082.0,42.0,59.0,49.0,39.0,10.0,170.0,65.0,61.0,182.0,41.0,17.0,322.0,714.0,369.0,137.0,42.0,35.0,36.0,88.0,8.0,20.0,23.0,40.0,18.0,17.0,10.0,122.0,4.0,126.0,104.0,164.0,18.0,44.0,31.0,21.0,51.0,40.0,50.0,19.0,27.0,85.0,148.0,39.0,38.0,85.0,88.0,35.0,59.0,79.0,111.0,16.0,51.0,40.0,47.0,37.0,24.0,39.0,37.0,19.0,28.0,31.0,18.0,14.0,42.0,10.0,20.0,106.0,59.0,153.0,253.0,99.0,168.0,162.0,161.0,161.0,65.0,690.0,78.0,171.0,63.0,148.0,2021.0,214.0,208.0,133.0,654.0,1024.0,1198.0,153.0,2407.0,34.0,29.0,26.0,22.0,151.0,170.0
100,46.0,79.0,65.0,54.0,22.0,19.0,12.0,742.0,80.0,158.0,842.0,588.0,952.0,1057.0,47.0,58.0,50.0,27.0,18.0,160.0,58.0,63.0,173.0,39.0,13.0,322.0,711.0,360.0,139.0,38.0,33.0,33.0,88.0,7.0,17.0,23.0,34.0,4.0,5.0,2.0,114.0,10.0,124.0,79.0,92.0,15.0,41.0,30.0,20.0,55.0,42.0,55.0,22.0,29.0,85.0,156.0,38.0,35.0,84.0,76.0,27.0,44.0,64.0,56.0,16.0,50.0,40.0,47.0,38.0,23.0,41.0,42.0,18.0,31.0,34.0,19.0,15.0,41.0,9.0,18.0,105.0,60.0,142.0,255.0,102.0,163.0,162.0,150.0,153.0,61.0,683.0,77.0,172.0,63.0,140.0,2014.0,214.0,194.0,127.0,610.0,1023.0,1182.0,149.0,2352.0,37.0,30.0,28.0,23.0,147.0,166.0
101,55.0,90.0,67.0,75.0,39.0,36.0,23.0,651.0,78.0,110.0,670.0,487.0,741.0,828.0,52.0,63.0,49.0,64.0,46.0,273.0,45.0,72.0,103.0,27.0,20.0,321.0,658.0,434.0,170.0,38.0,36.0,37.0,147.0,129.0,27.0,14.0,40.0,133.0,129.0,75.0,224.0,11.0,184.0,196.0,323.0,18.0,66.0,23.0,19.0,58.0,47.0,59.0,62.0,45.0,115.0,120.0,39.0,35.0,40.0,70.0,65.0,142.0,168.0,246.0,42.0,46.0,38.0,49.0,38.0,19.0,21.0,20.0,17.0,16.0,19.0,53.0,49.0,0.0,9.0,13.0,121.0,66.0,136.0,202.0,137.0,209.0,207.0,145.0,144.0,67.0,738.0,87.0,197.0,78.0,141.0,1472.0,189.0,206.0,126.0,470.0,804.0,970.0,273.0,2427.0,55.0,50.0,50.0,38.0,208.0,247.0
102,55.0,100.0,80.0,72.0,26.0,24.0,17.0,650.0,82.0,118.0,680.0,499.0,763.0,841.0,65.0,74.0,56.0,65.0,53.0,294.0,45.0,78.0,108.0,26.0,21.0,335.0,654.0,434.0,180.0,39.0,36.0,36.0,147.0,149.0,26.0,16.0,41.0,153.0,151.0,82.0,234.0,20.0,162.0,211.0,346.0,17.0,68.0,23.0,19.0,61.0,49.0,68.0,69.0,31.0,108.0,122.0,24.0,36.0,48.0,71.0,77.0,164.0,191.0,266.0,40.0,50.0,40.0,53.0,39.0,19.0,24.0,23.0,17.0,19.0,22.0,52.0,50.0,1.0,9.0,14.0,99.0,49.0,154.0,216.0,115.0,201.0,200.0,164.0,159.0,71.0,698.0,89.0,189.0,84.0,149.0,1502.0,194.0,212.0,129.0,485.0,828.0,1001.0,221.0,2294.0,39.0,33.0,31.0,26.0,186.0,212.0
103,51.0,99.0,86.0,74.0,24.0,22.0,17.0,642.0,82.0,160.0,694.0,556.0,761.0,815.0,74.0,80.0,61.0,65.0,54.0,311.0,51.0,74.0,137.0,33.0,23.0,368.0,660.0,442.0,190.0,42.0,38.0,39.0,152.0,164.0,32.0,35.0,59.0,164.0,164.0,97.0,230.0,21.0,160.0,222.0,352.0,20.0,72.0,25.0,21.0,59.0,47.0,74.0,72.0,29.0,103.0,125.0,24.0,39.0,89.0,77.0,104.0,179.0,201.0,295.0,38.0,50.0,41.0,49.0,37.0,21.0,44.0,44.0,19.0,36.0,39.0,51.0,48.0,4.0,13.0,20.0,94.0,43.0,157.0,225.0,113.0,199.0,197.0,163.0,160.0,72.0,685.0,88.0,187.0,79.0,155.0,1498.0,174.0,202.0,125.0,465.0,833.0,998.0,195.0,2281.0,35.0,30.0,28.0,25.0,181.0,200.0
104,40.0,88.0,82.0,69.0,22.0,20.0,15.0,652.0,87.0,179.0,733.0,587.0,805.0,843.0,76.0,78.0,63.0,56.0,50.0,352.0,49.0,81.0,144.0,32.0,24.0,408.0,687.0,485.0,216.0,40.0,37.0,36.0,170.0,203.0,31.0,45.0,61.0,198.0,202.0,113.0,222.0,18.0,157.0,229.0,348.0,18.0,72.0,25.0,20.0,67.0,50.0,77.0,71.0,27.0,106.0,136.0,18.0,37.0,114.0,70.0,128.0,211.0,231.0,298.0,37.0,53.0,39.0,51.0,34.0,19.0,59.0,59.0,17.0,46.0,52.0,47.0,45.0,7.0,13.0,21.0,85.0,35.0,152.0,235.0,107.0,209.0,206.0,157.0,157.0,71.0,711.0,95.0,197.0,88.0,164.0,1497.0,169.0,200.0,121.0,474.0,886.0,1062.0,187.0,2372.0,32.0,26.0,24.0,22.0,171.0,193.0
105,24.0,85.0,87.0,73.0,24.0,23.0,16.0,684.0,88.0,190.0,765.0,616.0,848.0,920.0,75.0,83.0,68.0,55.0,42.0,294.0,59.0,82.0,158.0,36.0,26.0,423.0,658.0,446.0,204.0,47.0,41.0,41.0,150.0,143.0,33.0,44.0,63.0,143.0,142.0,90.0,206.0,7.0,164.0,217.0,322.0,20.0,72.0,29.0,22.0,70.0,52.0,74.0,70.0,29.0,104.0,156.0,35.0,43.0,114.0,87.0,108.0,176.0,205.0,289.0,28.0,49.0,39.0,52.0,38.0,22.0,56.0,57.0,19.0,44.0,49.0,44.0,42.0,16.0,13.0,23.0,113.0,55.0,163.0,244.0,112.0,209.0,205.0,174.0,170.0,77.0,732.0,96.0,200.0,89.0,180.0,1660.0,195.0,211.0,134.0,504.0,941.0,1131.0,212.0,2529.0,35.0,29.0,28.0,24.0,181.0,203.0
106,23.0,85.0,86.0,73.0,25.0,23.0,16.0,685.0,88.0,185.0,763.0,610.0,847.0,921.0,75.0,82.0,68.0,54.0,41.0,293.0,58.0,82.0,155.0,36.0,26.0,419.0,658.0,445.0,203.0,47.0,40.0,40.0,149.0,142.0,33.0,42.0,62.0,141.0,141.0,88.0,204.0,6.0,163.0,214.0,318.0,20.0,71.0,28.0,22.0,70.0,52.0,74.0,70.0,29.0,103.0,156.0,35.0,42.0,110.0,85.0,105.0,174.0,203.0,285.0,28.0,49.0,39.0,52.0,38.0,22.0,54.0,55.0,19.0,43.0,47.0,43.0,42.0,16.0,13.0,23.0,113.0,55.0,163.0,245.0,112.0,207.0,204.0,174.0,170.0,78.0,729.0,96.0,199.0,88.0,179.0,1661.0,195.0,211.0,134.0,502.0,942.0,1131.0,213.0,2522.0,35.0,29.0,28.0,24.0,180.0,203.0
107,22.0,84.0,86.0,72.0,25.0,23.0,16.0,685.0,87.0,180.0,761.0,604.0,846.0,922.0,75.0,82.0,68.0,54.0,41.0,292.0,58.0,81.0,152.0,35.0,25.0,414.0,658.0,444.0,201.0,46.0,40.0,40.0,148.0,140.0,32.0,40.0,60.0,139.0,139.0,86.0,202.0,6.0,163.0,211.0,313.0,20.0,71.0,28.0,21.0,70.0,51.0,74.0,70.0,30.0,103.0,157.0,35.0,42.0,105.0,84.0,102.0,172.0,200.0,280.0,27.0,49.0,38.0,52.0,38.0,22.0,52.0,53.0,19.0,41.0,45.0,43.0,41.0,16.0,13.0,22.0,113.0,54.0,163.0,245.0,111.0,206.0,203.0,174.0,170.0,78.0,726.0,95.0,198.0,88.0,177.0,1662.0,195.0,211.0,134.0,500.0,943.0,1132.0,213.0,2515.0,35.0,30.0,28.0,24.0,178.0,203.0
108,21.0,84.0,86.0,72.0,25.0,23.0,16.0,686.0,87.0,175.0,760.0,597.0,845.0,923.0,74.0,82.0,68.0,53.0,40.0,291.0,57.0,81.0,149.0,34.0,25.0,409.0,658.0,444.0,200.0,45.0,39.0,39.0,147.0,138.0,31.0,38.0,58.0,138.0,137.0,85.0,200.0,6.0,162.0,208.0,309.0,19.0,70.0,28.0,21.0,69.0,51.0,73.0,69.0,30.0,102.0,158.0,35.0,41.0,101.0,83.0,99.0,169.0,198.0,276.0,27.0,49.0,38.0,52.0,39.0,22.0,50.0,51.0,19.0,39.0,44.0,42.0,41.0,15.0,12.0,21.0,113.0,54.0,163.0,245.0,111.0,204.0,201.0,175.0,171.0,78.0,723.0,94.0,197.0,88.0,176.0,1663.0,195.0,211.0,134.0,498.0,945.0,1132.0,214.0,2508.0,36.0,30.0,29.0,24.0,177.0,203.0
109,20.0,83.0,85.0,71.0,25.0,23.0,16.0,686.0,87.0,171.0,758.0,591.0,844.0,924.0,74.0,81.0,68.0,52.0,39.0,289.0,56.0,81.0,146.0,34.0,24.0,405.0,658.0,443.0,198.0,45.0,39.0,39.0,146.0,137.0,31.0,36.0,57.0,136.0,136.0,83.0,198.0,5.0,161.0,205.0,305.0,19.0,69.0,28.0,21.0,69.0,51.0,73.0,69.0,30.0,101.0,158.0,35.0,41.0,97.0,82.0,96.0,167.0,195.0,272.0,26.0,49.0,38.0,52.0,39.0,22.0,48.0,49.0,19.0,38.0,42.0,42.0,40.0,15.0,12.0,20.0,112.0,53.0,163.0,246.0,111.0,203.0,200.0,175.0,171.0,78.0,720.0,94.0,196.0,87.0,174.0,1664.0,195.0,211.0,134.0,496.0,946.0,1132.0,214.0,2501.0,36.0,30.0,29.0,24.0,176.0,202.0
110,19.0,82.0,85.0,71.0,25.0,23.0,16.0,686.0,86.0,166.0,756.0,584.0,843.0,925.0,74.0,81.0,67.0,52.0,38.0,288.0,56.0,80.0,142.0,33.0,24.0,400.0,659.0,442.0,197.0,44.0,38.0,38.0,145.0,135.0,30.0,35.0,55.0,134.0,134.0,81.0,196.0,5.0,161.0,202.0,301.0,19.0,68.0,27.0,21.0,69.0,51.0,73.0,69.0,30.0,101.0,159.0,35.0,40.0,93.0,81.0,93.0,164.0,193.0,269.0,26.0,49.0,38.0,52.0,39.0,22.0,46.0,47.0,19.0,36.0,40.0,42.0,40.0,15.0,12.0,20.0,112.0,53.0,164.0,246.0,111.0,202.0,199.0,175.0,171.0,79.0,717.0,93.0,195.0,87.0,173.0,1665.0,195.0,211.0,134.0,494.0,947.0,1132.0,215.0,2494.0,36.0,30.0,29.0,24.0,175.0,202.0
111,18.0,82.0,84.0,71.0,25.0,23.0,16.0,687.0,86.0,162.0,755.0,578.0,842.0,926.0,74.0,81.0,67.0,51.0,38.0,287.0,55.0,80.0,139.0,32.0,23.0,395.0,659.0,441.0,195.0,44.0,38.0,38.0,143.0,133.0,30.0,33.0,54.0,132.0,133.0,79.0,194.0,4.0,160.0,199.0,297.0,19.0,68.0,27.0,21.0,68.0,51.0,73.0,69.0,30.0,100.0,160.0,35.0,40.0,89.0,80.0,90.0,162.0,191.0,265.0,25.0,49.0,38.0,52.0,39.0,21.0,44.0,45.0,18.0,35.0,38.0,41.0,39.0,15.0,11.0,19.0,112.0,52.0,164.0,246.0,111.0,200.0,197.0,176.0,171.0,79.0,715.0,93.0,194.0,86.0,171.0,1665.0,195.0,211.0,134.0,492.0,948.0,1132.0,216.0,2487.0,37.0,31.0,29.0,24.0,173.0,202.0
112,17.0,81.0,84.0,70.0,26.0,24.0,16.0,687.0,85.0,157.0,753.0,571.0,841.0,927.0,73.0,80.0,67.0,50.0,37.0,286.0,55.0,80.0,136.0,32.0,23.0,391.0,659.0,440.0,194.0,43.0,37.0,37.0,142.0,132.0,29.0,31.0,52.0,130.0,131.0,77.0,192.0,4.0,159.0,196.0,293.0,18.0,67.0,27.0,21.0,68.0,51.0,73.0,69.0,30.0,100.0,160.0,35.0,39.0,85.0,78.0,87.0,160.0,188.0,261.0,25.0,49.0,38.0,52.0,39.0,21.0,42.0,43.0,18.0,33.0,37.0,41.0,39.0,14.0,11.0,18.0,112.0,52.0,164.0,247.0,111.0,199.0,196.0,176.0,172.0,79.0,712.0,92.0,193.0,86.0,170.0,1666.0,195.0,211.0,135.0,490.0,949.0,1132.0,216.0,2481.0,37.0,31.0,30.0,24.0,172.0,202.0
113,16.0,81.0,84.0,70.0,26.0,24.0,16.0,687.0,85.0,153.0,751.0,564.0,841.0,928.0,73.0,80.0,67.0,49.0,36.0,285.0,54.0,79.0,133.0,31.0,22.0,386.0,659.0,440.0,192.0,43.0,37.0,37.0,141.0,130.0,28.0,29.0,51.0,129.0,129.0,76.0,190.0,3.0,158.0,193.0,288.0,18.0,66.0,27.0,21.0,67.0,51.0,73.0,68.0,31.0,99.0,161.0,35.0,39.0,81.0,77.0,84.0,158.0,186.0,257.0,24.0,48.0,38.0,52.0,39.0,21.0,40.0,41.0,18.0,32.0,35.0,40.0,38.0,14.0,11.0,18.0,111.0,51.0,164.0,247.0,111.0,198.0,195.0,176.0,172.0,79.0,709.0,92.0,193.0,86.0,168.0,1667.0,195.0,211.0,135.0,487.0,951.0,1133.0,217.0,2474.0,37.0,31.0,30.0,24.0,171.0,202.0
114,15.0,80.0,83.0,70.0,26.0,24.0,16.0,688.0,85.0,148.0,750.0,557.0,840.0,929.0,73.0,80.0,67.0,49.0,35.0,284.0,53.0,79.0,130.0,30.0,22.0,381.0,659.0,439.0,191.0,42.0,36.0,36.0,140.0,128.0,28.0,28.0,49.0,127.0,128.0,74.0,188.0,3.0,158.0,190.0,284.0,18.0,65.0,27.0,20.0,67.0,51.0,73.0,68.0,31.0,98.0,162.0,35.0,38.0,77.0,76.0,81.0,155.0,183.0,253.0,24.0,48.0,38.0,52.0,39.0,21.0,39.0,39.0,18.0,30.0,33.0,40.0,38.0,14.0,11.0,17.0,111.0,51.0,164.0,247.0,111.0,196.0,193.0,177.0,172.0,79.0,706.0,91.0,192.0,85.0,166.0,1667.0,195.0,211.0,135.0,485.0,952.0,1133.0,218.0,2467.0,38.0,31.0,30.0,24.0,169.0,201.0
115,14.0,79.0,83.0,69.0,26.0,24.0,16.0,688.0,84.0,144.0,748.0,550.0,839.0,929.0,73.0,79.0,67.0,48.0,35.0,283.0,53.0,79.0,128.0,30.0,21.0,376.0,659.0,438.0,189.0,42.0,36.0,36.0,139.0,127.0,27.0,26.0,48.0,125.0,126.0,72.0,186.0,2.0,157.0,187.0,280.0,18.0,64.0,26.0,20.0,67.0,51.0,72.0,68.0,31.0,98.0,162.0,35.0,38.0,73.0,75.0,79.0,153.0,181.0,249.0,23.0,48.0,37.0,52.0,39.0,21.0,37.0,37.0,18.0,29.0,32.0,40.0,37.0,14.0,10.0,16.0,111.0,50.0,165.0,248.0,110.0,195.0,192.0,177.0,172.0,80.0,703.0,91.0,191.0,85.0,165.0,1667.0,195.0,211.0,135.0,483.0,953.0,1133.0,218.0,2460.0,38.0,31.0,31.0,24.0,168.0,201.0
116,13.0,79.0,82.0,69.0,26.0,24.0,16.0,688.0,84.0,139.0,746.0,543.0,838.0,930.0,72.0,79.0,67.0,47.0,34.0,282.0,52.0,79.0,125.0,29.0,21.0,372.0,659.0,437.0,188.0,41.0,35.0,35.0,138.0,125.0,26.0,24.0,47.0,123.0,125.0,71.0,184.0,2.0,156.0,184.0,276.0,17.0,64.0,26.0,20.0,66.0,51.0,72.0,68.0,31.0,97.0,163.0,35.0,37.0,70.0,74.0,76.0,151.0,179.0,245.0,23.0,48.0,37.0,52.0,39.0,21.0,35.0,35.0,18.0,27.0,30.0,39.0,37.0,13.0,10.0,16.0,111.0,50.0,165.0,248.0,110.0,193.0,191.0,177.0,173.0,80.0,700.0,90.0,190.0,84.0,163.0,1668.0,195.0,211.0,135.0,480.0,954.0,1133.0,219.0,2454.0,38.0,32.0,31.0,24.0,167.0,201.0
117,12.0,78.0,82.0,69.0,26.0,24.0,16.0,689.0,83.0,135.0,745.0,536.0,836.0,931.0,72.0,79.0,67.0,47.0,33.0,281.0,51.0,78.0,122.0,28.0,20.0,367.0,659.0,436.0,186.0,40.0,35.0,35.0,137.0,123.0,26.0,23.0,45.0,121.0,123.0,69.0,182.0,2.0,156.0,181.0,272.0,17.0,63.0,26.0,20.0,66.0,51.0,72.0,67.0,31.0,97.0,164.0,35.0,37.0,66.0,73.0,73.0,149.0,177.0,241.0,22.0,48.0,37.0,52.0,39.0,21.0,33.0,33.0,18.0,26.0,29.0,39.0,36.0,13.0,10.0,15.0,110.0,49.0,165.0,248.0,110.0,192.0,189.0,178.0,173.0,80.0,697.0,90.0,189.0,84.0,162.0,1668.0,195.0,211.0,135.0,478.0,955.0,1133.0,220.0,2447.0,38.0,32.0,31.0,24.0,166.0,201.0
118,11.0,78.0,82.0,68.0,26.0,24.0,16.0,689.0,83.0,131.0,743.0,529.0,835.0,932.0,72.0,78.0,67.0,46.0,32.0,280.0,51.0,78.0,119.0,28.0,20.0,362.0,659.0,436.0,185.0,40.0,34.0,34.0,136.0,122.0,25.0,21.0,44.0,120.0,122.0,67.0,180.0,1.0,155.0,178.0,268.0,17.0,62.0,26.0,20.0,65.0,51.0,72.0,67.0,31.0,96.0,164.0,35.0,36.0,62.0,72.0,71.0,146.0,174.0,237.0,22.0,48.0,37.0,52.0,39.0,20.0,31.0,31.0,18.0,24.0,27.0,38.0,36.0,13.0,9.0,15.0,110.0,48.0,165.0,248.0,110.0,191.0,188.0,178.0,173.0,80.0,695.0,89.0,188.0,84.0,160.0,1668.0,195.0,211.0,135.0,476.0,956.0,1132.0,221.0,2441.0,39.0,32.0,32.0,24.0,164.0,201.0
119,10.0,77.0,81.0,68.0,27.0,25.0,15.0,689.0,83.0,127.0,741.0,521.0,834.0,933.0,72.0,78.0,67.0,45.0,32.0,279.0,50.0,78.0,116.0,27.0,19.0,357.0,659.0,435.0,183.0,39.0,34.0,34.0,134.0,120.0,24.0,20.0,42.0,118.0,120.0,66.0,178.0,1.0,154.0,175.0,264.0,17.0,61.0,26.0,20.0,65.0,51.0,72.0,67.0,31.0,95.0,165.0,35.0,36.0,59.0,71.0,68.0,144.0,172.0,233.0,21.0,48.0,37.0,52.0,39.0,20.0,30.0,29.0,17.0,23.0,25.0,38.0,35.0,12.0,9.0,14.0,110.0,48.0,165.0,249.0,110.0,189.0,187.0,179.0,173.0,80.0,692.0,88.0,187.0,83.0,159.0,1668.0,195.0,211.0,135.0,473.0,957.0,1132.0,222.0,2434.0,39.0,32.0,32.0,24.0,163.0,200.0
120,9.0,77.0,81.0,67.0,27.0,25.0,15.0,689.0,82.0,123.0,739.0,514.0,833.0,933.0,71.0,78.0,67.0,45.0,31.0,278.0,50.0,77.0,113.0,27.0,19.0,352.0,659.0,434.0,182.0,39.0,33.0,34.0,133.0,119.0,24.0,18.0,41.0,116.0,119.0,64.0,176.0,0.0,154.0,172.0,260.0,17.0,61.0,25.0,20.0,65.0,51.0,72.0,67.0,32.0,95.0,166.0,34.0,35.0,55.0,70.0,65.0,142.0,170.0,230.0,21.0,47.0,37.0,52.0,39.0,20.0,28.0,28.0,17.0,22.0,24.0,37.0,35.0,12.0,9.0,13.0,110.0,47.0,165.0,249.0,110.0,188.0,185.0,179.0,174.0,81.0,689.0,88.0,186.0,83.0,157.0,1668.0,195.0,211.0,135.0,471.0,958.0,1132.0,223.0,2428.0,39.0,33.0,32.0,24.0,162.0,200.0
121,8.0,76.0,81.0,67.0,27.0,25.0,15.0,689.0,82.0,119.0,737.0,506.0,832.0,934.0,71.0,77.0,67.0,44.0,30.0,277.0,49.0,77.0,110.0,26.0,18.0,348.0,658.0,433.0,180.0,38.0,33.0,33.0,132.0,117.0,23.0,17.0,40.0,114.0,117.0,62.0,174.0,0.0,153.0,169.0,256.0,16.0,60.0,25.0,20.0,64.0,51.0,71.0,66.0,32.0,94.0,166.0,34.0,35.0,52.0,68.0,63.0,140.0,168.0,226.0,20.0,47.0,37.0,52.0,39.0,20.0,26.0,26.0,17.0,20.0,22.0,37.0,34.0,12.0,9.0,13.0,109.0,47.0,166.0,249.0,109.0,187.0,184.0,179.0,174.0,81.0,686.0,87.0,185.0,83.0,156.0,1668.0,194.0,211.0,136.0,468.0,959.0,1132.0,223.0,2421.0,40.0,33.0,32.0,24.0,160.0,200.0
122,7.0,76.0,80.0,67.0,27.0,25.0,15.0,689.0,81.0,115.0,736.0,499.0,831.0,935.0,71.0,77.0,67.0,43.0,29.0,276.0,48.0,77.0,107.0,25.0,18.0,343.0,658.0,432.0,179.0,38.0,32.0,33.0,131.0,115.0,23.0,15.0,39.0,113.0,116.0,61.0,172.0,0.0,152.0,167.0,252.0,16.0,59.0,25.0,19.0,64.0,51.0,71.0,66.0,32.0,93.0,167.0,34.0,34.0,49.0,67.0,61.0,138.0,166.0,222.0,20.0,47.0,37.0,52.0,39.0,20.0,25.0,24.0,17.0,19.0,21.0,37.0,34.0,12.0,8.0,12.0,109.0,46.0,166.0,249.0,109.0,185.0,183.0,180.0,174.0,81.0,683.0,87.0,185.0,82.0,154.0,1667.0,194.0,211.0,136.0,465.0,960.0,1132.0,224.0,2415.0,40.0,33.0,33.0,24.0,159.0,200.0
123,6.0,75.0,80.0,67.0,27.0,25.0,15.0,690.0,81.0,111.0,734.0,491.0,830.0,935.0,70.0,77.0,67.0,43.0,29.0,275.0,48.0,76.0,105.0,25.0,17.0,338.0,658.0,432.0,177.0,37.0,32.0,32.0,130.0,114.0,22.0,14.0,37.0,111.0,114.0,59.0,170.0,1.0,152.0,164.0,248.0,16.0,58.0,25.0,19.0,64.0,51.0,71.0,66.0,32.0,93.0,168.0,34.0,34.0,45.0,66.0,58.0,136.0,163.0,218.0,19.0,47.0,36.0,52.0,39.0,20.0,23.0,22.0,17.0,18.0,20.0,36.0,33.0,11.0,8.0,12.0,109.0,46.0,166.0,249.0,109.0,184.0,181.0,180.0,174.0,81.0,680.0,86.0,184.0,82.0,153.0,1667.0,194.0,211.0,136.0,463.0,961.0,1132.0,225.0,2408.0,40.0,33.0,33.0,24.0,158.0,199.0
124,5.0,75.0,80.0,66.0,27.0,25.0,15.0,690.0,81.0,107.0,732.0,483.0,829.0,936.0,70.0,76.0,67.0,42.0,28.0,274.0,47.0,76.0,102.0,24.0,17.0,333.0,658.0,431.0,176.0,37.0,32.0,32.0,129.0,112.0,21.0,12.0,36.0,109.0,113.0,58.0,168.0,1.0,151.0,161.0,244.0,16.0,58.0,24.0,19.0,63.0,50.0,71.0,66.0,32.0,92.0,168.0,34.0,33.0,42.0,65.0,56.0,134.0,161.0,214.0,19.0,47.0,36.0,52.0,39.0,20.0,21.0,21.0,17.0,16.0,18.0,36.0,33.0,11.0,8.0,11.0,109.0,45.0,166.0,250.0,109.0,183.0,180.0,181.0,175.0,81.0,678.0,86.0,183.0,81.0,151.0,1667.0,194.0,211.0,136.0,460.0,962.0,1131.0,226.0,2402.0,40.0,34.0,33.0,24.0,157.0,199.0
125,4.0,74.0,79.0,66.0,27.0,25.0,15.0,690.0,80.0,103.0,730.0,475.0,827.0,937.0,70.0,76.0,67.0,41.0,27.0,273.0,47.0,76.0,99.0,23.0,16.0,328.0,658.0,430.0,174.0,36.0,31.0,31.0,128.0,111.0,21.0,11.0,35.0,108.0,111.0,56.0,166.0,2.0,150.0,158.0,240.0,15.0,57.0,24.0,19.0,63.0,50.0,71.0,65.0,32.0,92.0,169.0,34.0,33.0,39.0,64.0,53.0,132.0,159.0,211.0,18.0,47.0,36.0,52.0,39.0,19.0,20.0,19.0,17.0,15.0,17.0,35.0,32.0,11.0,8.0,11.0,108.0,45.0,166.0,250.0,109.0,182.0,179.0,181.0,175.0,82.0,675.0,85.0,182.0,81.0,150.0,1666.0,194.0,211.0,136.0,457.0,963.0,1131.0,227.0,2396.0,41.0,34.0,34.0,24.0,155.0,199.0
126,3.0,74.0,79.0,66.0,28.0,25.0,15.0,690.0,80.0,100.0,728.0,467.0,826.0,937.0,70.0,76.0,67.0,41.0,26.0,272.0,46.0,75.0,96.0,23.0,16.0,323.0,658.0,429.0,173.0,36.0,31.0,31.0,127.0,109.0,20.0,9.0,34.0,106.0,110.0,55.0,164.0,2.0,150.0,155.0,236.0,15.0,56.0,24.0,19.0,62.0,50.0,71.0,65.0,32.0,91.0,170.0,34.0,33.0,36.0,63.0,51.0,130.0,157.0,207.0,18.0,47.0,36.0,52.0,39.0,19.0,18.0,17.0,17.0,14.0,15.0,35.0,32.0,11.0,7.0,10.0,108.0,44.0,166.0,250.0,108.0,180.0,178.0,182.0,175.0,82.0,672.0,85.0,181.0,81.0,148.0,1665.0,194.0,212.0,136.0,455.0,964.0,1131.0,228.0,2389.0,41.0,34.0,34.0,24.0,154.0,199.0
127,2.0,73.0,79.0,65.0,28.0,26.0,15.0,690.0,79.0,96.0,727.0,459.0,825.0,938.0,69.0,75.0,66.0,40.0,26.0,271.0,46.0,75.0,94.0,22.0,15.0,318.0,658.0,428.0,171.0,35.0,30.0,30.0,126.0,108.0,20.0,8.0,33.0,104.0,108.0,53.0,163.0,3.0,149.0,153.0,233.0,15.0,55.0,24.0,19.0,62.0,50.0,70.0,65.0,33.0,90.0,171.0,34.0,32.0,33.0,62.0,49.0,128.0,155.0,203.0,17.0,47.0,36.0,52.0,39.0,19.0,16.0,16.0,17.0,12.0,14.0,35.0,32.0,10.0,7.0,10.0,108.0,44.0,167.0,250.0,108.0,179.0,176.0,182.0,176.0,82.0,669.0,84.0,180.0,80.0,146.0,1665.0,193.0,212.0,136.0,452.0,965.0,1131.0,229.0,2383.0,41.0,34.0,34.0,24.0,153.0,199.0
128,1.0,73.0,78.0,65.0,28.0,26.0,15.0,690.0,79.0,92.0,725.0,451.0,824.0,939.0,69.0,75.0,66.0,39.0,25.0,271.0,45.0,75.0,91.0,22.0,15.0,313.0,658.0,428.0,170.0,35.0,30.0,30.0,125.0,106.0,19.0,7.0,31.0,103.0,107.0,52.0,161.0,3.0,148.0,150.0,229.0,15.0,54.0,24.0,19.0,61.0,50.0,70.0,65.0,33.0,90.0,171.0,34.0,32.0,30.0,61.0,47.0,126.0,153.0,199.0,17.0,46.0,36.0,52.0,39.0,19.0,15.0,14.0,16.0,11.0,13.0,34.0,31.0,10.0,7.0,9.0,108.0,43.0,167.0,250.0,108.0,178.0,175.0,183.0,176.0,82.0,666.0,84.0,179.0,80.0,145.0,1664.0,193.0,212.0,136.0,449.0,966.0,1130.0,230.0,2377.0,42.0,34.0,35.0,24.0,151.0,198.0
129,16.0,64.0,67.0,56.0,24.0,23.0,12.0,726.0,72.0,96.0,779.0,536.0,892.0,1001.0,51.0,64.0,56.0,29.0,11.0,194.0,46.0,70.0,107.0,24.0,16.0,305.0,663.0,387.0,121.0,27.0,19.0,20.0,71.0,36.0,14.0,4.0,27.0,41.0,44.0,24.0,112.0,16.0,135.0,79.0,119.0,11.0,43.0,16.0,12.0,42.0,31.0,58.0,48.0,31.0,90.0,160.0,40.0,23.0,32.0,63.0,34.0,79.0,104.0,88.0,7.0,34.0,24.0,42.0,29.0,13.0,10.0,10.0,10.0,8.0,8.0,29.0,25.0,16.0,4.0,8.0,119.0,52.0,163.0,235.0,99.0,191.0,187.0,176.0,168.0,79.0,683.0,75.0,182.0,72.0,150.0,1749.0,211.0,204.0,128.0,476.0,1009.0,1171.0,242.0,2556.0,40.0,34.0,34.0,24.0,160.0,199.0
130,12.0,76.0,78.0,68.0,26.0,24.0,14.0,730.0,76.0,122.0,814.0,566.0,933.0,1051.0,60.0,74.0,62.0,43.0,17.0,222.0,49.0,73.0,118.0,29.0,20.0,333.0,653.0,395.0,135.0,32.0,25.0,26.0,94.0,76.0,22.0,15.0,37.0,90.0,92.0,48.0,156.0,8.0,148.0,141.0,214.0,15.0,58.0,19.0,14.0,49.0,35.0,62.0,64.0,31.0,94.0,166.0,39.0,28.0,50.0,72.0,55.0,127.0,160.0,193.0,21.0,41.0,31.0,48.0,35.0,15.0,19.0,19.0,12.0,14.0,15.0,38.0,35.0,16.0,8.0,13.0,124.0,60.0,184.0,254.0,115.0,205.0,199.0,197.0,189.0,86.0,722.0,81.0,184.0,77.0,163.0,1839.0,211.0,232.0,146.0,578.0,1016.0,1213.0,265.0,2705.0,42.0,35.0,35.0,26.0,181.0,216.0
131,30.0,72.0,70.0,63.0,26.0,23.0,14.0,731.0,71.0,122.0,861.0,563.0,999.0,1124.0,52.0,65.0,59.0,41.0,44.0,191.0,52.0,65.0,125.0,27.0,15.0,330.0,648.0,361.0,131.0,31.0,22.0,24.0,82.0,63.0,16.0,10.0,29.0,95.0,93.0,31.0,141.0,4.0,131.0,146.0,235.0,12.0,46.0,19.0,14.0,46.0,33.0,56.0,51.0,31.0,84.0,201.0,33.0,26.0,47.0,72.0,65.0,146.0,186.0,177.0,8.0,43.0,35.0,45.0,35.0,15.0,16.0,16.0,12.0,12.0,12.0,28.0,25.0,18.0,5.0,10.0,102.0,41.0,166.0,279.0,100.0,181.0,178.0,179.0,167.0,83.0,674.0,75.0,165.0,69.0,150.0,1868.0,197.0,228.0,139.0,580.0,1137.0,1330.0,236.0,2669.0,41.0,37.0,36.0,23.0,148.0,197.0
132,6.0,81.0,70.0,54.0,21.0,18.0,11.0,770.0,64.0,114.0,897.0,568.0,1032.0,1164.0,47.0,61.0,54.0,33.0,16.0,170.0,49.0,58.0,126.0,28.0,15.0,301.0,670.0,335.0,128.0,31.0,22.0,23.0,75.0,17.0,15.0,9.0,28.0,41.0,41.0,18.0,135.0,2.0,123.0,106.0,173.0,12.0,41.0,21.0,13.0,45.0,30.0,59.0,40.0,27.0,90.0,181.0,33.0,26.0,43.0,66.0,39.0,85.0,112.0,113.0,5.0,39.0,31.0,42.0,31.0,15.0,16.0,16.0,12.0,12.0,13.0,27.0,23.0,20.0,5.0,11.0,97.0,52.0,144.0,242.0,79.0,175.0,172.0,153.0,143.0,68.0,636.0,68.0,158.0,63.0,132.0,1916.0,190.0,202.0,127.0,593.0,1179.0,1357.0,192.0,2632.0,34.0,29.0,27.0,18.0,133.0,173.0
133,19.0,76.0,66.0,48.0,18.0,15.0,10.0,826.0,65.0,104.0,934.0,554.0,1076.0,1204.0,46.0,58.0,47.0,30.0,4.0,174.0,47.0,60.0,124.0,27.0,13.0,285.0,729.0,355.0,131.0,31.0,23.0,23.0,73.0,1.0,13.0,8.0,25.0,15.0,18.0,12.0,124.0,5.0,117.0,73.0,140.0,11.0,37.0,21.0,14.0,46.0,33.0,57.0,27.0,24.0,95.0,160.0,32.0,25.0,38.0,61.0,26.0,54.0,68.0,68.0,5.0,38.0,29.0,43.0,31.0,16.0,15.0,14.0,13.0,11.0,12.0,23.0,19.0,22.0,4.0,9.0,93.0,52.0,124.0,219.0,65.0,169.0,167.0,132.0,124.0,56.0,628.0,68.0,160.0,63.0,128.0,2010.0,201.0,182.0,112.0,546.0,1198.0,1375.0,151.0,2647.0,29.0,24.0,22.0,15.0,114.0,157.0
134,9.0,74.0,64.0,45.0,17.0,15.0,10.0,849.0,66.0,100.0,950.0,555.0,1087.0,1203.0,46.0,56.0,46.0,29.0,11.0,173.0,48.0,60.0,125.0,27.0,12.0,277.0,771.0,373.0,125.0,30.0,20.0,20.0,63.0,3.0,12.0,4.0,25.0,14.0,17.0,10.0,100.0,11.0,114.0,66.0,146.0,11.0,37.0,21.0,13.0,44.0,31.0,59.0,19.0,24.0,89.0,155.0,30.0,24.0,33.0,61.0,28.0,50.0,59.0,62.0,9.0,38.0,28.0,43.0,32.0,16.0,12.0,11.0,12.0,8.0,9.0,19.0,13.0,23.0,4.0,9.0,88.0,47.0,122.0,222.0,65.0,165.0,161.0,130.0,124.0,56.0,633.0,66.0,164.0,62.0,129.0,2039.0,209.0,176.0,107.0,549.0,1174.0,1347.0,153.0,2623.0,29.0,24.0,23.0,14.0,108.0,155.0
