video,pearson,mse,r2,ccc
fatality_2,0.9983074477825469,18.37816996505385,0.9702756612287267,0.9856592409281624
flappy_bird_9,0.9972577106864854,18.455730111463975,0.9632644484656601,0.9824255703817663
flappy_bird_14,0.9952857281128871,23.9196272645993,0.9449227196097184,0.9745789376141127
would_you_rather_61,0.9879448553304253,21.147594201463516,0.836771819304218,0.9277605511497798
burnshoes_4,0.9852263234361117,14.623040183855627,0.8752997976677297,0.9477395366404036
pssy_slap_76,0.9919203688906307,14.074437238200577,0.9303472008459386,0.9670036543306604
Branda_schmitz_84,0.99626412227662,22.147555882830954,0.9610126731092019,0.9813257636367427
gta2_44,0.9538479654809819,37.94369211309916,0.8303285649252098,0.9165016655815305
gta2_33,0.9933769216277477,15.751195151102865,0.7923437678395289,0.9140711462628317
gta2_60,0.9786035404636939,17.628620601047455,0.6945061626950781,0.88625266331068
cuphead_70,0.9967181164193997,21.063141009709952,0.9718486772933096,0.9861952364821691
game_of_thrones_29,0.9522800788036139,15.150915840339115,-0.6372604710286088,0.6908098570275494
rammstein_146,0.9969111574777682,8.892388460123048,0.9634981981350798,0.9823395478436265
fatality_9,0.9943937934095617,18.507004243569003,0.8977144248457122,0.9579272602456029
rammstein_85,0.9991285705833576,17.187520345101994,0.993906889707013,0.9968886184699965
slipknot_126,0.9913336774113014,26.830126267266674,0.912686866989765,0.958222866527446
battlefield1_50,0.9955618956963826,19.059026322705005,0.9550926958897654,0.9786395247651888
would_you_rather_34,0.9991301918743831,11.929306646739159,0.9916569960025968,0.9958552179897846
heartbeat_45,0.9902396535270496,11.881057824110004,0.8750410106493587,0.9447811112628661
gta1_22,0.9909650757188087,22.2857750724598,0.9225411863285893,0.9634537959399803
rammstein_63,0.9922458703379157,25.66711605766321,0.9435806630841451,0.9719981723563169
granday_27,0.9869437471298874,33.75600348473377,0.9331675318041289,0.9664918682809063
Branda_schmitz_15,0.9823613359223802,16.353874107217234,0.6729215233050205,0.8818674425407277
f_marry_kill_39,0.9887908317982453,25.222006614235987,0.9309767480364326,0.9676884913479512
50_50_74,0.9962007971108474,17.019170076318396,0.9733897590783935,0.9871726364449228
godofwar_52,0.9956965931425292,23.451839294357555,0.8626194526624824,0.9427973382087592
would_you_rather_33,0.9733643533443593,13.243571160321231,0.3447079282753744,0.8473122451033271
granday_20,0.9971529611172657,23.720622049398916,0.9846990936727075,0.9922640850195108
play_lastofus_146,0.9568842062398051,18.279572196645567,0.40015205252480923,0.7981224967999409
gta2_72,0.998155348445477,15.322770864629712,0.9720884027116177,0.9866834141708836
Branda_schmitz_69,0.9941271894702521,17.51792071190506,0.9411931624667111,0.9731905909829525
marshmello_87,0.9960282040926796,15.955575411391711,0.9773948823014346,0.9889438838714414
burnshoes_36,0.9947566643740114,17.394099255196803,0.9733536510554217,0.9870976722943098
Branda_schmitz_36,0.9906980128742646,34.98221152880436,0.938192605546118,0.9724600214668889
would_you_rather_28,0.9854179842477102,21.119752046369946,0.8658483864046316,0.9394898464911378
pewdiepie_104,0.9830090731618853,14.28308814120392,0.6792878449530662,0.8936847920077227
dolan_dark_90,0.9785303727176702,11.54630779799565,0.7476943364976424,0.8920130701995815
marshmello_83,0.9985706264311498,19.48350074215923,0.9857902573882135,0.9928619913812223
flappy_bird_94,0.9965919770836295,32.53402948047746,0.938615744472724,0.971139169227667
overwatch_39,0.991882619780997,20.258166934728735,0.9398069611478885,0.971348437494294
godofwar_72,0.9713293452961773,24.23375592669938,0.8146658178602422,0.9187333996222302
play_lastofus_177,0.9706635898662616,20.49999972494124,0.7227111261398416,0.8867248321165857
cuphead_58,0.9927402698182555,22.460664229646596,0.9480785644963959,0.9748228530900921
play_lastofus_218,0.8225273103508137,24.02958642035237,-3.3164122857559777,0.6117582246145551
Branda_schmitz_101,0.9942907910838028,19.69843169372168,0.9587944411613012,0.9811624151254147
japanese_show_52,0.9966130566855519,18.448311832665937,0.9737609589119748,0.9872387279367797
pssy_slap_56,0.9894837155819601,10.721402183887001,0.8337772232912821,0.9302030379346125
japanese_show_55,0.998095257022814,25.086729646457933,0.9737631601867283,0.9871775373595344
david_bowie_105,0.9968920777851749,24.69263616355822,0.9096849114630181,0.9602527640937288
50_50_4,0.9449336189380327,303.79366941927276,0.8537672578035501,0.9287945052087091
godofwar_44,0.9949730108307873,24.756996249936357,0.8786357619193903,0.9463433805550835
play_lastofus_30,0.9932061249346092,15.8789063533693,0.9262529103857523,0.9651422740190224
50_50_77,0.8306467241284711,34.007786909835175,-15.78412783978345,0.3963695627897204
bully_burger_93,0.9913175807212264,12.27259510836834,0.8868118014750977,0.9499777782829493
play_lastofus_69,0.9972687492974892,20.009602536921417,0.9784319229151652,0.9893476527877156
marshmello_105,0.9951604483131757,16.032778502372103,0.9577251075257694,0.9794983725126918
qwop_64,0.9534752564215074,30.515449853917346,0.08576148885194183,0.7601524695477787
whack_your_boss_108,0.9825391713807604,11.385144566204678,0.6977567357084388,0.8971121176602808
Branda_schmitz_107,0.9937031480176202,15.725396541030152,0.961531424284725,0.9810810373392426
qwop_15,0.9644562176692264,32.75330034990631,0.5667618785025759,0.87543536486755
granday_39,0.9671788353582749,10.670489227154219,0.3300282838081854,0.7777104059859807
rammstein_113,0.9946796821572083,16.568162182095993,0.9684946481192334,0.9847894424414856
japanese_show_84,0.9939982419104225,11.964263662742672,0.9128508004014592,0.960540097090773
play_road_redemp_14,0.9060754809371835,36.01443521140933,-0.5741020384979063,0.6926462273551868
play_lastofus_188,0.977492188662014,20.278984305437163,0.7284493381566632,0.8962194632996748
godofwar_67,0.9092988340362412,10.793413167543786,-0.4455845776495636,0.7127975795392146
play_red_dead_174,0.9905411219096802,16.671405886722912,0.9451492627426106,0.9723033787938655
flappy_bird_47,0.9965641858545028,17.13045058189912,0.9207881822391413,0.965684958594247
cuphead_23,0.9824871427176146,20.24519818680672,0.8729635175559136,0.9433331453229151
fatality_11,0.9861659755278174,16.284115810778832,0.7948205593349257,0.9150341697591028
gta1_0,0.9967653804526432,18.61807392764864,0.946348240172722,0.9750349248989859
granday_55,0.9874453194063118,11.677438707906044,0.8578512357234351,0.9394170293150749
vaping_for_the1st_32,0.9525892880041467,18.20441536889389,0.5563829739215016,0.8589479668611182
qwop_39,0.7192804356855595,39.94848315743436,-3.0733328893336616,0.4528901714641428
godofwar_79,0.9961805318572318,24.05581213972164,0.8390080867644466,0.9327235422662651
vaping_for_the1st_37,0.9984263700532224,13.64315003335554,0.987794899618533,0.9940209110946686
play_lastofus_153,0.9897907531170959,17.912669151797875,0.8268343123334727,0.937010899006585
eminem_149,0.9983257167596603,23.333968024451362,0.9894982595591798,0.9948194206838427
lil_pump_72,0.9791690233550422,22.816164902412062,0.8430589584382489,0.9359842605680665
david_bowie_29,0.9799244185543473,25.485247783648468,0.7920646065830248,0.9183099939192712
whack_your_boss_66,0.9944141854631268,18.15790765888187,0.9734676376487245,0.9866806858586014
cuphead_38,0.8907353037053408,18.975522137375656,-2.6907307636939732,0.532599857869952
cuphead_31,0.9754097262972761,26.449893383283932,0.7554460678216732,0.8947201850374878
heartbeat_61,0.994978189661674,11.002344419958682,0.9551217527513873,0.9781583884883237
50_50_81,0.9895737729129794,11.575061013827503,0.9002823117375712,0.9548833169096543
Branda_schmitz_112,0.9953267762292013,23.47193442820363,0.9459196099120976,0.9753171985202053
vaping_for_the1st_51,0.9949596650826152,11.613442736668992,0.9252924507274563,0.965557225019696
fatality_14,0.9967833434380248,8.063518601093504,0.90939200161792,0.9592735846606837
eminem_42,0.9397134458299138,21.06231111688483,-0.48013039008692077,0.7518439825668404
eminem_46,0.995483724020453,24.879058800386698,0.9642168592995283,0.9826684976251272
play_lastofus_107,0.9982306994616754,16.77730371560728,0.980479215833125,0.9904750535846076
vaping_for_the1st_9,0.9845779008386973,11.013543762876367,0.7046380812546214,0.9037039860664743
play_red_dead_124,0.8524954044864865,31.181705360931456,-0.5216540555836188,0.6229711345472262
david_bowie_67,0.9920673229148236,13.477833206205466,0.9462336630753692,0.9742447748449491
heartbeat_3,0.9540781306955778,19.87220136608972,0.6510700222377548,0.8432831258436606
burnshoes_7,0.9622612413759706,22.502927319151098,0.3407123925809231,0.8003103369239083
would_you_rather_20,0.9934405030553413,9.160802072534883,0.8850322784898634,0.9512980770151935
qwop_52,0.9964539148830885,33.49031795522008,0.920571237415937,0.9632036400525802
bully_burger_95,0.9907454755190673,13.057019433842228,0.9030836859683788,0.9553857048805866
not_mad_4,0.8505883325156942,15.245195076020844,-0.5464510163933973,0.6113835933625338
TRY_NOT_LOOK_AWAY_21,0.6925396896953389,12.177918375375288,-18.039448394367046,0.36297066100720204
flappy_bird_44,0.979162474275367,23.66938889656762,0.6282786774487708,0.8852247806316911
heartbeat_28,0.9717924644790833,27.844717121514105,0.6765752072514994,0.8972595269011175
would_you_rather_5,0.9900705924480623,15.413130741600153,0.9263376736096967,0.9649876572945549
play_lastofus_205,0.994643991660181,16.218555756605245,0.925886935753547,0.9659489902450347
Branda_schmitz_121,0.9962829891780709,31.615823124396556,0.9319284205515923,0.968488935546436
happy_wheels_95,0.9440161256327066,27.45515444370987,0.35897871180508445,0.7891441000563337
Branda_schmitz_96,0.9931704487731362,25.19805008878648,0.925951344791657,0.9651987493158879
gta2_39,0.9689976211025564,16.304891856524396,0.7970795681384637,0.9188859665847438
50_50_spider_70,0.9986905020962438,20.64237117986343,0.9891507996576813,0.9947004418506198
eminem_145,0.9911635657565737,27.02044377644875,0.9283483807731575,0.9664513160766521
play_red_dead_86,0.9845256665158895,21.042905923285986,0.7762257414978936,0.9098816549010719
heartbeat_62,0.9894153610240286,21.135421650603433,0.9125425408660268,0.9619521582679068
bully_burger_69,0.9812876557790137,9.680281926247812,0.5711065907343905,0.85692407988143
vaping_for_the1st_100,0.9884117461883215,28.18633219057738,0.8936272045710447,0.9539478197931669
would_you_rather_62,0.9893378952310582,19.66803755104629,0.8204473464178486,0.9256945134801997
flappy_bird_35,0.9960685328905372,30.20024215218354,0.968898040738263,0.9855812170626729
godofwar_4,0.9902151199203985,10.085004040088037,0.8741787027753967,0.9446605574935356
godofwar_3,0.9814789343891741,36.077308070187605,-0.6795193235839359,0.7980984465621179
david_bowie_106,0.9977456569788412,12.163087628932459,0.9707545145757905,0.986265227213627
TRY_NOT_LOOK_AWAY_18,0.9945181329421945,32.890856028572124,0.9569778929433651,0.9796428349457688
happy_wheels_33,0.8766235154665398,39.845533221972104,-0.7050556439774569,0.692814061926855
japanese_show_44,0.9509479957214255,17.15867042224641,0.4373907158810142,0.824408887380174
david_bowie_109,0.995612709290751,22.469200042421477,0.9596104113442409,0.981259074375247
gta1_37,0.9904712879615463,20.002292674373404,0.8570993285004763,0.9425144581839127
play_lastofus_90,0.9989125880493842,18.857215519154252,0.9841270111763996,0.9921704608336539
play_lastofus_82,0.9684532644164836,18.532715867913005,0.3201171342706083,0.7922892322419192
Branda_schmitz_106,0.9882724696523696,26.958108916169152,0.7992381905439504,0.9207742210741394
qwop_48,0.9814769674212394,50.337306828119026,0.4441615700976424,0.8290913906555232
f_marry_kill_73,0.9854595213539494,25.15933628391478,0.8626887459321781,0.941853478566291
eminem_25,0.9944225609000561,31.686552349954926,0.9481596643826609,0.9761320190387021
play_road_redemp_60,0.9951487187844907,26.809819364741987,0.9491113236901583,0.9769568057179038
battlefield1_46,0.9915348425929714,14.794199123114955,0.9247069332343559,0.9665022228555556
would_you_rather_30,0.9906997423917601,16.15206234778081,0.7167623880992442,0.8954941242509428
play_lastofus_123,0.9957154180901989,20.84495051722718,0.961032692155118,0.9811588014497385
qwop_67,0.9962098501073529,31.382793536138095,0.9749184899585179,0.9875692440556164
50_50_spider_110,0.9974399311928573,20.372239124729333,0.967872337774285,0.9839651196037996
dolan_dark_109,0.9923716219529447,10.911245742212891,0.9503663695901778,0.9752337870490598
granday_29,0.9274898272555367,43.73517807071311,0.8377704770944175,0.90463038734357
Branda_schmitz_57,0.9924725611397365,17.23583529452771,0.8581981617764438,0.9422172281514399
rammstein_54,0.9935716138867521,29.697869903187968,0.9487564839948747,0.9747948427618666
burnshoes_51,0.9696235601994346,17.588244662137807,0.7372945129169356,0.8911866420907126
rammstein_62,0.9951742725571537,28.66718025324687,0.9491597842436799,0.9770696470286582
play_lastofus_73,0.9539466891773746,22.934849454634705,-0.8162537563469056,0.6641412799223044
dolan_dark_14,0.9940386030853743,12.10419409555189,0.8631284584811949,0.9475818820249253
burnshoes_41,0.9987809461505228,10.453603497189972,0.9871315002516546,0.993605823006247
play_red_dead_138,0.9578617314219042,34.60958864178339,0.8179417842157372,0.9145729098387836
pssy_slap_60,0.9938917373297208,9.609211804821223,0.9294585723749043,0.9668974737769762
rammstein_33,0.9886470591283586,20.412767360185605,0.899360824624845,0.9573940452734134
battlefield1_23,0.9915541417400447,16.674901208331534,0.7180800998323167,0.8975109410007365
vaping_for_the1st_15,0.9418473915245535,18.703624260870978,0.13122638673842504,0.7783760636702436
slipknot_60,0.9766801706496201,13.733376401356448,0.033923891814292284,0.7654728177631074
Branda_schmitz_99,0.9976141247026477,15.626419176587856,0.9752280726057552,0.988215091964551
f_marry_kill_6,0.9970805441532758,15.978218684426082,0.9450343400283173,0.975164426318776
godofwar_99,0.9986664023488245,26.021810761385055,0.9812703897748933,0.9908179913456255
Branda_schmitz_100,0.9931540198615423,15.522787086581355,0.9264869578443203,0.9672169019515283
juice_wrld_65,0.9965116273201423,14.197456231726774,0.9492269835094644,0.9757186637409271
play_lastofus_192,0.9899772120774736,22.68305297844035,0.8888715884508349,0.9493732891466078
qwop_53,0.9736058671702025,24.886802706404737,-0.43166393767230654,0.6927229946980513
TRY_NOT_LOOK_AWAY_4,0.9817135388775813,16.07497617558029,0.7820380472348057,0.9151711185135974
cuphead_21,0.9341176834257343,24.204636769101747,0.471072224735906,0.819008107391002
heartbeat_37,0.9792749564033171,11.996766559843929,0.6946918282949408,0.8853981774015168
burnshoes_20,0.9910881053795242,20.426146116166368,0.8259722532583369,0.9282353907589381
overwatch_4,0.9925684419655844,20.409238032138376,0.9506045674676188,0.976629754479526
qwop_28,0.9927164513487505,40.33750982134899,0.8916434545034798,0.9546185648847415
flappy_bird_72,0.9745116775005818,31.2964049204861,0.5664110386263299,0.8679890635980764
would_you_rather_17,0.9946986687418626,9.61948115467386,0.9537108704224536,0.9782360372615735
f_marry_kill_25,0.9927498525338906,19.73187777225416,0.8685603862071694,0.9476792648998468
rammstein_49,0.9953398261337537,11.586173045129314,0.9474733321890025,0.9747234947282113
happy_wheels_97,0.9574294427952443,22.789444670358012,0.6159700210537715,0.8707871396716595
esports_97,0.9947850647353824,12.568890253019376,0.938451371797371,0.9709003939507863
cuphead_66,0.9876993686649939,22.349470157402333,0.8370522208901964,0.9351957193059526
eminem_146,0.9932359877998986,26.69127383475986,0.9453295517679328,0.9746531867461368
bully_burger_54,0.9939145986114661,11.46115325316755,0.9395850608634629,0.9714508017858111
fortnite_104,0.9977388042876543,21.986767034573525,0.9903489835121869,0.9952745866977112
Branda_schmitz_31,0.9669030054547529,25.333176973537324,0.5101928157455248,0.8387380689488348
Branda_schmitz_82,0.9675732454185477,22.583105958749666,0.6335383509063209,0.8633313919413756
gta2_3,0.997764778750489,23.62024119925903,0.9615557792609174,0.9831955458607141
gta1_34,0.9893805290323302,27.544429508263924,0.9128615627207861,0.960790827543134
play_lastofus_23,0.9893808993477275,16.45102870412029,0.9032667469959076,0.9548497495751819
whack_your_boss_10,0.9438377481158815,21.25153959763134,0.6408713489312777,0.8514679048176773
happy_wheels_26,0.9880956366723679,27.871543946091847,0.9312265701495355,0.9681782497195006
50_50_spider_31,0.9995411124855538,23.35239499961465,0.9933231569087236,0.9966550711220328
fatality_0,0.9933541539797467,13.924887740056725,0.8423914073726685,0.937020075748307
would_you_rather_19,0.9634955358078127,10.203446724266044,0.4811096917312344,0.8290942976561928
gta2_54,0.994794062582557,26.969000040768307,0.9477167488109908,0.976029594989576
godofwar_119,0.998977674264326,26.60606555482821,0.9846403341551668,0.9922957301028291
dolan_dark_22,0.9902143944420169,14.69703870753657,0.787306919834607,0.9336871145503792
50_50_95,0.9903016689611729,27.469157412141502,0.949508944186643,0.9772754112100596
cuphead_32,0.9982558117107284,22.601134255321536,0.9836681922989803,0.9919632065864942
eminem_84,0.9896562548341378,23.808697429670765,0.929209112550169,0.9683806563101879
flappy_bird_76,0.9984212989487482,26.302058922871147,0.9749064770443896,0.9877684107119568
cuphead_11,0.9977810936373674,17.370195599468587,0.9640946120634414,0.9828425587808481
david_bowie_42,0.9990754735164213,14.087100804947609,0.9792243618111357,0.9898400102642991
flappy_bird_110,0.9886458248371175,18.91249533419755,0.767562738379558,0.9080557709756067
game_of_thrones_16,0.9977440011058164,10.053941079406506,0.9640620026668728,0.9825479080497496
f_marry_kill_43,0.995337620746206,24.2968161203622,0.9645626518591428,0.9836570839409212
qwop_57,0.9309213879496064,44.48524048313584,0.13419745226388258,0.7693006792217113
godofwar_96,0.933453003061448,13.4016743825578,-0.3238927714252911,0.6863239110216274
Branda_schmitz_61,0.9846828555651013,20.466578060004803,0.8560575115265431,0.9338514241025311
50_50_58,0.9858643005457296,12.476106318587373,0.8537318046568257,0.9382505155849514
eminem_31,0.9952562110591103,33.898601948361296,0.9719581098493815,0.9870997812917817
dolan_dark_31,0.9959356566521015,12.26523830093584,0.9434632705516315,0.9728779468718044
fatality_6,0.9158667825935115,257.0901041017185,0.7819008023350762,0.8998684824080551
50_50_61,0.9419718851069524,378.29057944049,0.8485088570423172,0.9248379445728225
david_bowie_68,0.9957525759661298,15.100041440581524,0.9459381406554241,0.974067562984384
rammstein_104,0.9896726873360439,18.473370747527987,0.8770811881414579,0.9455436738875103
Branda_schmitz_47,0.9946345750288751,26.94516446663052,0.9009248230645011,0.9608094533801965
not_mad_13,0.9345375316027772,13.639887746889222,0.34984472293177593,0.7798666298091474
TRY_NOT_LOOK_AWAY_25,0.9487338402156847,15.523747784384629,-0.45906904609269533,0.7136807823332046
slipknot_24,0.9787344443014416,29.353971448125144,0.8361158983097431,0.9319797229468694
happy_wheels_78,0.9993744950674098,45.59718753761962,0.9790591822795807,0.9894792211231339
overwatch_28,0.9983017539808681,16.510085614022472,0.9917389256354902,0.995860636757122
rammstein_114,0.9595185237863021,14.34682658526606,0.27870680351988025,0.8225475592172958
vaping_for_the1st_81,0.9896765573081084,10.413723774288009,0.7875702168655979,0.9128725209555087
qwop_61,0.998249344549356,31.32532136703771,0.9809399365839658,0.990930364211216
rammstein_34,0.9913052981859003,16.71441418448393,0.9537550110130869,0.9779365373701998
play_lastofus_86,0.8874711526266558,18.246838463867327,-1.4038849943221299,0.5917198226200449
pssy_slap_75,0.995451405399191,12.852179007443713,0.9573448690903811,0.9792510052854467
david_bowie_59,0.9978695426286777,13.487682154242442,0.9715203598306368,0.9859924808335356
vaping_for_the1st_42,0.9728434861818288,27.30541720172643,0.8362880355135991,0.9271923382930106
gta2_52,0.9878980830699913,14.526149288451457,0.8817164589870686,0.9456851236737392
bully_burger_58,0.9957174518069064,9.308580670100692,0.9629176108493417,0.9818073416661838
godofwar_94,0.9966129462726866,21.91189888306366,0.9165691675625465,0.9632002580845731
gta2_29,0.9561931792921301,20.699081731850566,0.09346565117575921,0.79364257566973
f_marry_kill_103,0.9870346922218598,11.783288253490417,0.797776965273384,0.9227861112885837
dolan_dark_60,0.9884667014020022,13.248391651024749,0.9211357531962822,0.9608448210247846
rammstein_98,0.9954758661573628,14.38341095699181,0.94992215557279,0.977234400555623
heartbeat_52,0.9926558344246474,12.071910081273105,0.9064375180018657,0.9576533967437103
slipknot_101,0.991896349402523,16.95736316212455,0.9090573281379231,0.9576848972617927
granday_46,0.9718839841767063,12.759530901526091,0.7693774395328355,0.9126756879990388
play_road_redemp_15,0.9874615758746771,26.769888278279144,0.8668482266277057,0.940694176231796
marshmello_42,0.9897370915738728,17.188573819279803,0.9475753223179388,0.9745725186382758
qwop_21,0.950936806261855,29.347423823766352,0.4232172455436008,0.8091492829472077
burnshoes_74,0.9891680713898039,14.4777893872594,0.9195451915608027,0.9620446041480522
gta2_53,0.992189082901668,21.840704213018697,0.9269310458286131,0.9667138370097097
f_marry_kill_100,0.996936824119617,13.152812175705778,0.9686754348640928,0.9859278705353018
marshmello_100,0.9960360583361058,16.68356204992228,0.9636179555283374,0.9826033051439778
david_bowie_30,0.9921293956025312,12.263005818963698,0.8563326319200252,0.941320703486383
godofwar_2,0.994657331453246,15.872833538408491,0.9198158156552091,0.9641202949103725
rammstein_29,0.989520345624441,27.276919305563858,0.9293671316672351,0.9675226692374
TRY_NOT_LOOK_AWAY_20,0.9809942075040693,10.196021671932229,0.794890172807291,0.9137408588008967
qwop_49,0.9974303820833077,31.2177907635376,0.8835853877589438,0.9482132022956261
fortnite_115,0.9939517342721435,24.16345438151723,0.9580556066006656,0.9803257357704713
slipknot_122,0.9561888015952382,19.657680862777966,0.3363343349680656,0.788665755710249
50_50_64,0.9965583180073129,24.05774814200493,0.9846632157619601,0.9924776053195682
gta1_19,0.9947791326802948,20.560214203551826,0.9257080587562984,0.9654427684911652
whack_your_boss_16,0.8688568479903201,29.99502015729069,-3.2939136955547763,0.5324329783499725
pewdiepie_128,0.9815019245680343,26.591728616116452,0.7219089170856132,0.899275768751571
flappy_bird_51,0.9990092445536516,25.53329084293793,0.9633555203943931,0.9829254754292953
cuphead_24,0.9963185357731771,22.00828476795165,0.9601136348943197,0.9810310639034697
gta2_59,0.9831669706675665,20.61389239708767,0.9001929022586415,0.9549454459941509
pssy_slap_62,0.9856927266360299,11.515083968731265,0.8334190837415703,0.9300225821066941
japanese_show_40,0.996041761253523,15.059944604680553,0.9598892292014128,0.9808269221707683
play_lastofus_43,0.9818091013698411,16.881147908919793,0.7986198628788475,0.9177067745772493
gta1_46,0.9300276021150575,30.193154605255785,0.35042853785475825,0.7854561018375795
pewdiepie_53,0.9994162097944408,25.585441537000303,0.9894904276101645,0.9949443473489509
TRY_NOT_LOOK_AWAY_9,0.9808504577449086,15.716877897487175,0.8228078471005528,0.932787120792354
would_you_rather_18,0.9933702549055792,9.884391144126235,0.8123845753069502,0.9357013906424047
godofwar_80,0.9691043958760508,21.659607437592005,0.680750284800809,0.8770367969906181
godofwar_37,0.901642194582034,15.090816706175675,0.023615237524689584,0.7378685277420828
play_red_dead_36,0.9905782214916196,16.12357142358551,0.8595061882392259,0.9467831274745583
burnshoes_12,0.9952722021184007,12.043686665409586,0.9577315054163658,0.9799381358544371
flappy_bird_32,0.9981357442125662,25.142782317692095,0.9858025803810576,0.993019540798122
Branda_schmitz_91,0.9882922890495176,27.76748885201342,0.8996950189901151,0.9542125036352809
bully_burger_78,0.9939162149560111,10.461250104812876,0.9033461834426401,0.9557013171585678
granday_57,0.9842353199599396,14.695812792661725,0.8416488092724507,0.9286339372600468
happy_wheels_42,0.9924784267290554,20.446760283424474,0.9348728817754199,0.9700810626299755
50_50_22,0.9028786837605575,23.920548698691547,0.138858267803984,0.757665455549833
50_50_100,0.977862717460892,9.880437574516172,0.6786306760645752,0.8929151051061106
happy_wheels_54,0.9966371454989333,37.498491792831686,0.9789178540605165,0.9898183562595457
burnshoes_14,0.9694411320990176,13.000989387510527,0.6743997067635567,0.8737029923187687
rammstein_14,0.9981932178976824,17.266596177056165,0.9841229955735717,0.9922617284264021
godofwar_68,0.9769723601191516,12.852248500931678,0.42142790235294725,0.8749876021525012
qwop_60,0.9914539946796361,39.034350889376825,0.9376469886451997,0.9710276024183212
flappy_bird_106,0.9977072824345302,20.28632720016552,0.9821392076906509,0.9912106201101882
TRY_NOT_LOOK_AWAY_27,0.9713497816124712,19.810998352773616,0.7291302662656862,0.8966284564042718
Branda_schmitz_27,0.9589455003896807,25.97244350397332,-1.480510514786864,0.6692793153333385
happy_wheels_19,0.9972099642828786,35.35593383803366,0.9697916329589569,0.9835869748276915
play_lastofus_32,0.9838954773639863,16.812118054193554,0.7990521730593075,0.9177531280888415
rammstein_101,0.9972233746070109,17.14300274940977,0.9740075117620463,0.9872825153926951
gta1_1,0.8258994782871127,44.72268737967069,-1.356175001154397,0.6038355507597012
flappy_bird_79,0.9971044277249921,14.936012266508888,0.9738247632209865,0.9872440885760011
play_road_redemp_57,0.9394049807880291,40.2283457454879,0.5763698437170689,0.8539165240716018
flappy_bird_98,0.9985241589876905,23.03403264816643,0.9772446511489942,0.988927080131756
play_road_redemp_31,0.9864130104482315,25.77993225507901,0.7586974171135111,0.9042129481975181
play_lastofus_133,0.9879074728602543,23.381177948995404,0.9456345799215479,0.9724389835862215
lil_pump_97,0.9826692586196789,17.92099075203724,0.8712453741660493,0.9397881482866348
david_bowie_53,0.9833763685571566,15.680109601561972,0.8420934734818388,0.9357779619207242
gta2_26,0.3239484996799959,754.1486422824039,-4.3270940469635955,0.42898076097532056
pssy_slap_15,0.9819605858364152,24.04120526110854,0.8401064713321128,0.9329498310039451
pewdiepie_30,0.993582005570521,18.269523794977445,0.7577760001813141,0.9111828093384569
would_you_rather_63,0.9842983150603773,22.814830949707424,0.7888640866711109,0.9099001889890079
dolan_dark_67,0.9040793451930071,15.505824095843769,-0.26733530701143715,0.7338356999769687
granday_22,0.9973816758742077,15.602806014042123,0.9756353486562181,0.9883263139897112
kda_27,0.993637071658035,13.971104112021592,0.9210491860740411,0.9637991352388774
qwop_63,0.9324348619540959,41.23276692777716,-1.9891275545489722,0.6502367219362949
qwop_44,0.9923271099546342,44.3019474916446,0.9398265528722289,0.9716516879049069
heartbeat_43,0.997337015945402,14.741657062777985,0.9722492495907221,0.986364121835654
cuphead_35,0.9960068638235937,23.78250293634274,0.9780206782239201,0.9887747367198139
would_you_rather_29,0.9961476126320409,15.81105802493938,0.950093511813523,0.976274494938303
flappy_bird_59,0.9938198996496306,36.79357035674561,0.791750828864304,0.9238353800960782
gta1_28,0.9927131601288056,43.768592813986885,0.8397866599412489,0.9353641414965921
overwatch_66,0.9932981175039145,20.185616496701034,0.9600408162435041,0.9803604567209748
david_bowie_38,0.9949037570170255,19.762664407415016,0.9518422185093999,0.9779154491531016
godofwar_54,0.9820087488869016,12.324101126832211,0.7091505471336397,0.8915048669421133
japanese_show_38,0.9986640613114721,25.1111317578085,0.9925253182059273,0.9963189152993768
fatality_23,0.9972906091343022,17.776893697859723,0.9803185580243052,0.9904685707515551
battlefield1_8,0.9730710939265037,17.197229946781235,0.8499925400032641,0.9298629526789708
play_lastofus_66,0.9900663131246917,25.544917579117946,0.9434575460566961,0.9742120967548915
50_50_104,0.9949668367091582,24.658711903963948,0.9524658912896157,0.9788152740114499
50_50_85,0.9304628551436035,35.56764274414284,0.5519837484810876,0.8120629514087744
burnshoes_73,0.9946946702092516,12.75632662297006,0.96064371573557,0.9806552942111894
happy_wheels_63,0.8784623263905207,30.3058638926776,-2.4260153078549416,0.531574734693304
battlefield1_0,0.986878124790195,14.009471651396447,0.9016372761544607,0.9561315369087943
flappy_bird_31,0.9990253245852401,24.65414371119481,0.9907136570489159,0.9954455319409794
qwop_86,0.9887261933905118,41.29398015129787,0.9194126752082862,0.9636815848515937
Branda_schmitz_44,0.9966526616438859,26.47720958673332,0.9707845587538958,0.9854910458417117
flappy_bird_71,0.9699190361802859,19.3633186778371,0.6257288299361455,0.8549237657190727
eminem_66,0.973489847967179,28.998451315492222,0.6434237957937543,0.8713981687547334
eminem_27,0.9993354376373632,22.624259721625624,0.9673975283792187,0.9844180208436867
play_road_redemp_56,0.9955996116254123,34.925714736307576,0.9441572019582674,0.9739245412833331
bully_burger_76,0.9960691158461883,9.650411838480508,0.9324243350015203,0.9682570879667859
qwop_65,0.9972531723519475,26.485423986216052,0.982781426146382,0.9914019700653373
50_50_65,0.9727053736078521,8.903918299082905,0.21145431871685377,0.7832544803177492
japanese_show_50,0.8488730002117231,18.686795278569043,-0.10458472304458777,0.7049118861733319
Branda_schmitz_77,0.9948089777492853,14.341456908136578,0.9250712830830693,0.9672679890754543
play_road_redemp_50,0.9654761781207233,48.50529074306391,0.7873794035680604,0.9054189552802145
play_red_dead_56,0.9518151162830534,16.479623048645973,0.45472810916261713,0.8315440115325272
fortnite_118,0.9971440232110156,12.99557581900551,0.8508756745994235,0.9375840163002996
Branda_schmitz_32,0.979135796854369,21.150310607197333,0.7153506343380126,0.9035545863510197
lil_pump_128,0.9684003000336502,13.54558526361799,0.6965267324881037,0.8854399083658584
TRY_NOT_LOOK_AWAY_5,0.9949711612406003,16.614318219063577,0.9625152781702151,0.9816761299286538
not_mad_64,0.9914187319059002,9.289789025956692,0.9267180769533213,0.9666665775742017
battlefield1_22,0.9887873255559796,19.999512623727306,0.9177568065740523,0.9606425193121644
Branda_schmitz_40,0.8807102294800211,34.58066211560733,-0.45801240576636565,0.759009689515258
gta2_11,0.9852132181380814,22.465337282031687,0.8598626946498055,0.94107963522261
cuphead_63,0.9965428973887172,24.17982131324505,0.9752841596777481,0.987979118422515
battlefield1_28,0.9915632859621771,13.65237872594808,0.9149982042401188,0.9626014569112069
happy_wheels_99,0.9942088627077806,45.435551567567146,0.8536573303090416,0.9406038821561142
godofwar_71,0.9946547175528891,22.59167096033331,0.8929846283036533,0.952446139614087
qwop_26,0.9625435076161221,33.59152445330085,0.5315916530847712,0.8683157003832365
would_you_rather_83,0.982110231899306,11.941551567296852,0.8822737875043277,0.9474645514846316
play_red_dead_69,0.9066593968626764,18.838576838249175,-3.15734839322533,0.45399655942190015
heartbeat_22,0.9895170886700297,17.34974939707639,0.9452004581734398,0.9743966150405532
play_red_dead_62,0.9542263183773743,13.98986209585856,0.5385482444312765,0.8339286390382068
play_road_redemp_38,0.9931602828708597,29.282966159612826,0.9516621126830003,0.9770169510464533
dolan_dark_73,0.9877013750861116,18.792191088071853,0.9361887206048094,0.9669663747005387
fatality_27,0.9959440348939064,12.638800039694129,0.9283918922123034,0.9675998072626689
david_bowie_85,0.9945509621562593,17.126519608105813,0.7108576456715818,0.8948092646816878
gta1_23,0.9831233887386563,25.279761842988044,0.8438492566799491,0.9377822176920151
lil_pump_31,0.9460187057769605,47.12783179418694,0.04761173155873424,0.7465928527673193
marshmello_89,0.9785728117236491,16.421459415637763,0.85769138472353,0.9372207568606171
eminem_35,0.9911221197612707,26.631554312336068,0.7401429782933077,0.9076331412153614
gta2_41,0.9925259420710599,20.151697397083076,0.7003085846461053,0.8882638368902551
fatality_20,0.9607762323990768,8.76613487760151,0.7845848773791066,0.907111179305152
burnshoes_94,0.9907122681062366,16.047830563802368,0.9103784911523122,0.9574925215116777
gta2_66,0.9766662275694015,24.765504557107334,0.6311510043851106,0.8629090195536211
david_bowie_69,0.9931900962034775,14.567116605209135,0.9242803158999942,0.9648559583493688
qwop_93,0.9472035753795807,24.073430861136,0.4067484293398852,0.811473230350492
TRY_NOT_LOOK_AWAY_8,0.9852955652244588,12.531715441652679,0.7676627652838695,0.9104916675246174
Branda_schmitz_114,0.9757389055762858,17.93463726243257,0.6918608275367125,0.8916999824087523
Branda_schmitz_28,0.9925255027284944,19.62150741422282,0.9292606549735092,0.9693904779338443
gta2_23,0.9832623992148478,27.94132950306011,0.7996121608972292,0.9242313646443687
heartbeat_64,0.9809119315414263,26.195388928357467,0.8629881319306777,0.9411278818851375
play_red_dead_93,0.9792486062232924,30.59619068618917,0.8963521994510751,0.9510007636041787
play_lastofus_134,0.9986505685424446,21.705495719600634,0.9914799184803903,0.9957367983580584
fortnite_114,0.994931869102717,25.772833079943112,0.9510224967139683,0.9788349480518755
vaping_for_the1st_93,0.9910847377736166,11.178574595156148,0.618157059604566,0.8754635830144016
play_red_dead_103,0.9867791439424924,20.909447610209373,0.9207154607209906,0.9624746939413009
bully_burger_26,0.997328990192696,14.902347997393203,0.9407237857652145,0.9736122925618585
50_50_87,0.9377838459530463,15.548525522296263,-0.36245328304847907,0.7328725751752923
happy_wheels_64,0.954410337498761,34.71407631007869,0.7652542774921296,0.9009748601270574
play_red_dead_114,0.8540189956360461,42.05704490232228,-0.968016973606827,0.6974534569842923
Branda_schmitz_74,0.9884841039230006,18.595033675118056,0.9187809698816223,0.9631352057671339
eminem_12,0.8041304132187119,20.995921707854666,-0.3068267717843139,0.6997758341701094
play_lastofus_166,0.8850263078857561,32.02043412548624,0.38127550113823994,0.8332000186189217
Branda_schmitz_95,0.9869787015300017,26.661277957419042,0.7860439337274484,0.9120954921801553
Branda_schmitz_116,0.9951515677673295,21.042833974238594,0.9468805377045473,0.9748904588286245
Branda_schmitz_70,0.9967525119262324,17.45340414388463,0.9722830915626013,0.9865514290630731
gta1_16,0.9952656169629366,26.63412091920082,0.9714233648826786,0.9865914957824317
happy_wheels_16,0.9974920311510928,19.863374532180867,0.9701350850413486,0.9853962596290944
rammstein_89,0.9859814310888848,18.842301045176875,0.793376966849929,0.915916388286932
japanese_show_59,0.8502413414909695,17.70109947551331,-2.218088106760629,0.5558347660563403
dolan_dark_104,0.9738523590398501,18.05145542871613,0.2361131191602834,0.8108408039280534
50_50_68,0.9375653652899603,38.217953923915665,-4.602246122308142,0.48827146163686136
bully_burger_32,0.95186438251623,14.477668450256392,0.49503957023667144,0.8144862755460314
50_50_27,0.9918262101631953,21.825691607645258,0.9043364882345517,0.9588686079967566
burnshoes_68,0.9691743436489719,23.870797261663746,0.8335255841590826,0.9241131648360351
flappy_bird_33,0.9906547058836207,26.28102207367795,0.6915266428108083,0.9008639723952385
play_red_dead_116,0.9544284354990472,22.03933078645057,-0.5102647499698122,0.7042221027985603
play_road_redemp_36,0.9181653281164415,21.287579859452972,0.6035653463403112,0.8280592162433248
fatality_17,0.9963260679770769,20.679141837833445,0.9701887249514631,0.9871903905750029
godofwar_82,0.9832684509407045,22.487340061513486,0.8711375052678352,0.945337716795011
battlefield1_4,0.994003688643452,9.19668675847885,0.9055891681705843,0.9569397985787836
dolan_dark_89,0.9965845979856717,9.145277302321391,0.9354461963619468,0.9697382847708717
david_bowie_36,0.961719023179994,16.276205515918644,0.4719916610293328,0.8203305341248359
fatality_24,0.989063261430755,13.6224995425244,0.8964078998153495,0.9525155468249826
flappy_bird_34,0.9994491620492519,23.463774611237447,0.9851158561763247,0.9928283729992542
eminem_88,0.9981412990896402,25.924297556330032,0.9677913950868964,0.9849548572158834
flappy_bird_78,0.9915443828776185,19.792751669138774,0.9373928366505878,0.9700068839037503
would_you_rather_80,0.9978461184698969,11.137999339678805,0.9588952240703097,0.9807079682541839
Branda_schmitz_117,0.9895803192605829,21.93354913106824,0.9064062176021147,0.9574864725137172
rammstein_68,0.9859686291137724,23.936340634296656,0.8912691496704797,0.9506666105569036
lil_pump_43,0.9368521390941699,24.612957401234837,0.6714793484256157,0.8550881826429174
50_50_70,0.652437565714721,33.017484966992015,-2.31829197534936,0.46571056966655505
TRY_NOT_LOOK_AWAY_30,0.9687101556209851,11.5976363517992,-0.8774973271040883,0.6443768430384403
qwop_92,0.9569247350128146,26.2952768622183,0.5525556174535372,0.8564905099479805
godofwar_47,0.9926649326218051,23.872413777584455,0.9045462143299804,0.9560350104931777
david_bowie_16,0.9695464740988765,23.24395071725042,-0.43196218049724067,0.6862668636649243
would_you_rather_64,0.9957618885705404,9.790849895686906,0.954775504736473,0.9781308064084439
TRY_NOT_LOOK_AWAY_26,0.9935085719065327,14.06485677149938,0.9275742422960447,0.9674533719923601
flappy_bird_56,0.9983464823301376,24.911341364795163,0.9936990039500151,0.9968511417738273
dolan_dark_5,0.9800008805534918,14.26814028573895,0.870601891145483,0.9366953351223654
play_red_dead_8,0.9888391051584352,21.72050140243492,0.8281723108504301,0.9402104709144208
50_50_spider_129,0.9844600974266894,18.467920687498886,0.8859394731201872,0.9522335894411194
vaping_for_the1st_92,0.9951618978893438,10.17177826961814,0.9186152461139072,0.9624942368478709
50_50_spider_82,0.9926650376818573,19.272122299316585,0.9260215573047236,0.966580990103811
overwatch_55,0.9904953056204132,17.20649913199726,0.8790537539199156,0.9483605622250677
gta1_7,0.9325601985990998,18.34348858553637,-0.9931003605952707,0.6372720066727968
gta2_61,0.9979903138050857,21.59251085122013,0.9782097010272839,0.9891025756984116
Branda_schmitz_52,0.9045907037291243,84.51209451048717,0.587415654271798,0.8263523060247433
would_you_rather_82,0.998634800451023,11.07067658855511,0.9823735450950317,0.9916319323833676
bully_burger_96,0.9900155749712818,12.302173042759092,0.8675041095735174,0.9420479270122
f_marry_kill_68,0.9973189583013221,12.493776432789435,0.9773183172096828,0.9887249855035208
qwop_46,0.9873475228771769,26.901539729805148,0.23157079556080792,0.8022860669010106
david_bowie_101,0.9985338627082417,23.898693759124523,0.991860276421254,0.995978585344467
burnshoes_92,0.990306262375843,11.919202399406766,0.924398619463921,0.9640685044078561
david_bowie_13,0.8900011267546205,52.04383759451997,0.30350664675542555,0.8096450183723272
play_red_dead_140,0.994754732311178,26.090394444245636,0.9616160035197617,0.9815712192027115
flappy_bird_25,0.9981360876914238,21.885717313944827,0.9786784642656307,0.9895780979695503
Branda_schmitz_11,0.9916504498020597,29.39312382525839,0.7496185860588638,0.9018646257367531
marshmello_29,0.9734272765462468,14.907735163920592,0.7737550220843455,0.9001341941222711
fortnite_117,0.9981853411837175,12.624571398607745,0.985071076597534,0.9926002346484539
dolan_dark_135,0.9951678662029265,10.077251557858725,0.954358237859082,0.977748233017705
eminem_71,0.9933577456049707,24.55894214231447,0.9130271846618514,0.9609811462625414
godofwar_60,0.9965520486322736,24.503051612350557,0.977524499599557,0.989095116534997
play_lastofus_200,0.9963397853109751,20.112011151957923,0.9532815451318989,0.9790750835415062
lil_pump_30,0.9974267989372642,16.972830403824105,0.9787164889173959,0.9895151750269421
gta2_7,0.9962681244101959,13.640879974295048,0.9752322836199755,0.9876946426992896
gta2_19,0.9894082685179728,22.432807426413458,0.9213898539766812,0.9643869596148638
play_road_redemp_18,0.9813220381759791,26.18650580582142,0.8679674915995299,0.9381182631908931
gta1_39,0.9779975960715642,33.325414218807936,0.6724341941503958,0.8861079469327267
Branda_schmitz_23,0.9822268647682371,24.117856891283292,0.6706429170266963,0.8884408703115582
pewdiepie_150,0.9983917132413849,28.98725466666521,0.9778857932159144,0.9892019546598008
rammstein_27,0.9807684644529446,21.38345017802763,0.8911266966285138,0.9489818351513898
50_50_24,0.9954983679118397,15.526418368252019,0.9481883464979924,0.9757441605270216
pssy_slap_85,0.9828753671452195,15.757042970352236,0.7716699471987486,0.9036897881775228
battlefield1_37,0.9944544999106235,21.059065943216062,0.972435342424231,0.9864372968077352
Branda_schmitz_41,0.9294305492762316,26.38181439289526,-0.34539278374386373,0.6817807031056075
Branda_schmitz_66,0.995847201209387,18.506944962957867,0.9013322797808079,0.9591005248908817
vaping_for_the1st_19,0.9297446188619772,17.61142147551759,0.2529289958326896,0.8057820746007192
gta1_17,0.974566568852912,21.77758491225702,0.7861674110400189,0.9120940099837735
heartbeat_23,0.9676580141426049,28.551382468089848,0.24130663459797372,0.7964678298638881
play_lastofus_102,0.969665326793235,17.197676942014983,0.1736044978331575,0.7671202258457468
game_of_thrones_127,0.9950439795655172,14.951628280083415,0.9529801600593226,0.9781214606145296
overwatch_34,0.9963263749830625,17.454692535653944,0.9782536806415825,0.989259054270738
japanese_show_74,0.98300018485683,23.391584464628394,0.853249308795175,0.9384246375299015
granday_32,0.9976495011745887,32.94058565806735,0.9799649587454963,0.9883926327471044
gta2_55,0.8577167717891858,44.096397027272644,0.028362715293882283,0.7211842857533738
flappy_bird_30,0.9991120797990709,14.422730637663784,0.9830854733528037,0.9915704769829968
whack_your_boss_14,0.8931472128426438,21.465249920640176,-0.6295266141694804,0.6512388500047784
game_of_thrones_85,0.9965520522497171,19.679952765421074,0.9698312960483566,0.9852813023293617
play_lastofus_219,0.8962933414065889,27.030990139360206,-0.09709968330320948,0.7125881207347226
would_you_rather_44,0.966595229605937,11.641463149399737,0.5244081296202935,0.8445779636236692
play_red_dead_119,0.9373977829500844,22.723308789492677,-1.5139450823226723,0.6251001201519247
gta2_43,0.9918198017839103,16.92499992756287,0.9340734071856398,0.96962578235621
godofwar_123,0.9852879674179784,15.013693673097842,0.7233257968158106,0.8976659665204597
flappy_bird_23,0.9914715620245266,23.21157175256704,0.8901415138584472,0.95125104742999
japanese_show_85,0.9749912036647221,10.532165694003947,0.47081930079174283,0.8232796314502348
slipknot_46,0.9956310584717671,14.767451508870458,0.8735290403265913,0.9478634138442015
qwop_62,0.9963883284760245,37.36020416365368,0.9820554000183298,0.9913559242764436
flappy_bird_52,0.9979751025913313,33.971900061752805,0.9899003062987712,0.9949545697200546
play_lastofus_62,0.9794786551129071,16.907151671608766,0.5146119735663853,0.8409560464431414
game_of_thrones_135,0.9975792097705335,10.33973831697607,0.9759140133930658,0.988222397919414
qwop_38,0.9844383213420264,41.346030618231566,0.8348237705693429,0.9320086407739034
f_marry_kill_14,0.9841254506908704,9.490471104182259,0.833965195403979,0.9265341728270351
granday_31,0.9870012172021276,9.007770171688074,0.8333764293938084,0.9360748735630662
50_50_48,0.9953350054532136,9.94054375835798,0.9397835998862961,0.9715602227902124
play_lastofus_100,0.9983993456579215,18.185912539214556,0.9873344519984846,0.9940867801375728
gta2_51,0.9944351815067597,15.888965377283128,0.9565931106033821,0.9792827337697076
japanese_show_75,0.9958209440731666,15.13525477627894,0.909740555460934,0.9589335651311856
f_marry_kill_72,0.9841500684944071,27.603080974085408,0.7599490883039233,0.9112397254578181
godofwar_10,0.9857381157451575,26.78410565920847,0.9118698799286022,0.9593324169273179
gta2_2,0.9556679490672035,70.28857167237344,0.8563237577150488,0.9372444138700117
play_road_redemp_41,0.9953474589288543,26.547011079289035,0.9484012157073195,0.9767551403618772
juice_wrld_59,0.9805940652228019,13.315921349385581,0.7613020548234958,0.9050558584787849
david_bowie_64,0.9957422645969737,12.199944644170476,0.9732287055194502,0.9869206986233879
cuphead_0,0.9923880579216067,21.468494229366968,0.7891578222310396,0.9248841551633564
not_mad_18,0.9924764430879658,15.949146054810576,0.9304434624274152,0.9681529309535741
fatality_8,0.955834496550619,11.970730429900062,-0.06256919516356152,0.7475054716824135
eminem_56,0.8544716883200103,30.38704149137834,-1.190673387716889,0.6789885057449966
would_you_rather_32,0.9928937311587348,15.899033951603034,0.9399177911017051,0.9717028117362324
burnshoes_15,0.994322165240465,19.646666091856613,0.936683854805529,0.9697880464519784
flappy_bird_91,0.9768046938418706,18.97377838949987,0.742928312807056,0.8885468031038016
rammstein_67,0.9871687066345242,41.66232103421271,0.8205198558738527,0.9186567779134376
dolan_dark_76,0.9264291783271625,34.12662536239951,0.21538217642210195,0.8604602400644149
play_lastofus_165,0.9523640650440005,20.985631961031352,0.4770850845755941,0.820122695610021
vaping_for_the1st_96,0.9958495997768979,11.126361164201384,0.9248456623403801,0.9648928211796104
dolan_dark_75,0.7741715748332902,13.670472173737531,-26.800568754157712,0.2739532335538084
lil_pump_60,0.9633357901761589,23.044680397320818,0.8300251349863091,0.9264301919471865
play_road_redemp_53,0.9413556318964448,22.140699113795147,0.5874316864095509,0.8710566138274312
whack_your_boss_103,0.9962163646413026,21.811284397046816,0.9776615974238371,0.9892929504729645
david_bowie_17,0.9977891155540911,12.36667028133928,0.9772685213763572,0.9891580951292352
burnshoes_48,0.9933534146735221,24.16531388004856,0.9500187069476168,0.9777112986965687
gta1_25,0.9928862162096754,17.44705109207742,0.7681018627077149,0.9136031736409891
godofwar_9,0.9772916728816878,13.783103091152856,0.6470530230241902,0.8731323562613901
TRY_NOT_LOOK_AWAY_31,0.9789679227326266,15.028030453384293,0.81545217760815,0.9211892835750728
50_50_spider_52,0.9985232224401661,15.719947945960431,0.98971828813505,0.9948820756929433
Branda_schmitz_102,0.9944158009246874,22.31842185440979,0.9638425591178503,0.9829264018659367
japanese_show_28,0.9905584627195859,18.363758738075322,0.801792601002725,0.9188542697430071
play_lastofus_223,0.9885484206492279,26.104777240185275,0.9025838261159288,0.9559670000930476
bully_burger_79,0.9917223154698811,10.152546685808678,0.9137097735739701,0.9612029494476809
godofwar_50,0.9931237765873321,23.912504701837545,0.906766936878582,0.9568107508701363
cuphead_29,0.9978854608097315,17.7883136092526,0.9864848881434184,0.9934991538927039
slipknot_118,0.9582156570979942,14.472903922730483,-0.460514950450332,0.7375191477605535
david_bowie_97,0.9622425511583108,19.06849158251919,0.3375308867081193,0.7919788019512598
happy_wheels_91,0.9707415570768035,50.3848063916072,0.5315291878373869,0.8589778049214789
play_lastofus_212,0.9916390895198196,19.892187213209983,0.9009773970771142,0.9552516484980718
rammstein_123,0.9969718155859473,22.492618772765233,0.9813019056384548,0.9907572275914629
godofwar_108,0.910987792121543,15.295427084246816,-0.30412368477600504,0.6741453958262976
fatality_4,0.9974958358973149,10.411936708418333,0.9727222026858194,0.9867156381919184
gta2_20,0.9940807211780877,18.24546471993414,0.9472297029689937,0.9742980020251556
rammstein_22,0.99168785986767,13.82075890390438,0.9337846386177864,0.9692544462344049
gta1_13,0.9918307455227605,33.36168043022741,0.839352943228244,0.9348679027620621
fatality_15,0.9956148379091903,15.781689391790984,0.9625184475371532,0.981780156715889
would_you_rather_49,0.9936711750859344,17.448212571020235,0.8911068241990837,0.9501870495204102
cuphead_68,0.9974177277479725,22.413011928994127,0.9813186156108894,0.9906435256024446
burnshoes_49,0.968507231500351,27.325480019327852,0.777382467789084,0.9284864143367418
would_you_rather_36,0.9914587291313555,15.45131367240702,0.8471493441259612,0.9425211790977508
would_you_rather_81,0.991066446623364,20.49070730504735,0.9129101105436068,0.9600265983152857
marshmello_69,0.9915127586768645,16.336584912352116,0.9011877199192796,0.95227501757563
lil_pump_65,0.9649585273659237,14.703226336170124,0.7274619114324833,0.8844947748937478
would_you_rather_37,0.9628369805389978,10.341815425893024,0.6884483503840214,0.8879214643869053
flappy_bird_49,0.9638362426441801,21.69558242708948,0.32584776611174177,0.8135045718798504
happy_wheels_65,0.9970551418032233,31.39703212094845,0.978057937887701,0.989272076840744
japanese_show_62,0.9897602736555975,16.774122717627638,0.8560724813618378,0.9380474338822944
godofwar_74,0.9795404864262881,14.257019216365038,0.6650170985229289,0.8993445826845504
david_bowie_18,0.9983658497244117,15.687109834946883,0.9808684772608656,0.9907621955864553
play_lastofus_202,0.8484542617769691,18.06423330969686,-0.7947388857633525,0.5894050343693618
qwop_55,0.9795621443093736,38.96166014021668,0.8630063970147251,0.9399763425250148
play_red_dead_141,0.930283413636683,31.322743222910677,-0.211033550737596,0.7374112402250808
godofwar_87,0.9211896249982325,12.890559499322778,-0.8801300390651542,0.6274586119477147
game_of_thrones_136,0.9977595566132192,14.967103620395664,0.9864983161053607,0.9931729783525602
50_50_spider_98,0.9981782312158284,30.065646625438607,0.9795541526685336,0.9900229827204091
david_bowie_94,0.9935450478395266,15.87631342907467,0.6927946670144044,0.9070582560356303
slipknot_55,0.9803595396281777,22.114251673374035,0.8736498754344361,0.9516220394677566
happy_wheels_51,0.990056802481842,53.49569087648719,0.7969638691374112,0.9225011950092231
bully_burger_94,0.9712113439874224,12.24195444811954,0.6832714242005306,0.8764862947647534
Branda_schmitz_26,0.9941791960430592,31.46884064098378,0.9591521093114084,0.9793916136813683
flappy_bird_43,0.9836574717279394,17.860138946887126,0.656979547959174,0.8803862342998396
Branda_schmitz_93,0.9967430867732526,20.46840348398541,0.9744765351118093,0.9877897285083365
50_50_106,0.9919258067500689,10.124715813888201,0.8668023035302547,0.94221167242077
flappy_bird_54,0.9974108414397121,23.160064591842637,0.9831549653709913,0.9917336955404198
Branda_schmitz_103,0.9961026537439526,20.622663995683194,0.9543452632531174,0.9781789252174503
f_marry_kill_67,0.9943169750789626,13.72848303317909,0.9147535187564796,0.9610413105776144
pewdiepie_46,0.9993371996985673,20.316593348327935,0.9803141254407508,0.9903034560168946
gta1_21,0.9914095616247859,31.354554430122807,0.92326640917893,0.9647597997033898
bully_burger_53,0.9943070859526171,13.069134908954982,0.9520406928998851,0.9771547922119701
granday_36,0.9681092281849099,35.911606644237864,0.886279052503821,0.9368102532436873
bully_burger_50,0.9567046265609572,11.865208885536601,0.030512350936268858,0.7577953658552221
50_50_94,0.9972493566072554,9.780695107891493,0.9742146955197578,0.9874963833616627
slipknot_70,0.8971948787502811,14.808011427872326,-1.5405079359488485,0.6666592829426591
whack_your_boss_40,0.9839484344590937,17.87201793275209,0.7917713742362041,0.9169189874147833
dolan_dark_68,0.9825317744499807,12.490068993831388,0.864654398116177,0.9424460305562308
godofwar_34,0.9887620283532353,30.69815860603555,0.8953209606929108,0.9538112006209956
50_50_spider_126,0.9951531251633314,21.091404016181613,0.9627993828000136,0.9824898567539823
play_red_dead_126,0.9840733513968353,23.18110330508344,0.8652555102334472,0.9407185474246124
overwatch_58,0.9979546952740806,23.69331380924396,0.9774656751513172,0.9889424285480115
whack_your_boss_12,0.9949343844819514,9.000704410026325,0.9429646683433046,0.9730104245631422
eminem_142,0.969562668382781,37.77415057156908,0.6324132280688031,0.865106057098943
japanese_show_33,0.9912910829543153,14.349416610561873,0.7363851956928489,0.9148154703462444
play_lastofus_220,0.9823918138483522,15.838774705084699,0.7061109186899045,0.891856541238871
dolan_dark_105,0.9965677275715329,13.811385371652095,0.9483302001438365,0.9761206116541769
japanese_show_17,0.9705332190627083,14.819000946762623,-1.2223098982318925,0.7455888605480004
granday_34,0.952512980375102,9.252068950722546,-0.5267729342961779,0.6865749525578375
gta1_40,0.9990006783645479,39.82881135568176,0.9542621641227539,0.9791611878017592
bully_burger_68,0.9982775840941521,9.430762598250675,0.9734957271371081,0.9870903733295517
eminem_144,0.9982268906432749,21.612323777123724,0.980089162492971,0.9903636202183966
happy_wheels_44,0.9929157267139176,23.387169934508254,0.8713375088597095,0.949066953123428
slipknot_52,0.9591233078163823,15.150425565078415,0.3090842087565015,0.8194049656032879
50_50_46,0.9581420827945024,32.23997509600139,-0.028417915241983997,0.7452818833103036
not_mad_15,0.9945232475501135,9.367661974562706,0.9076267599815634,0.9588517648623507
heartbeat_55,0.9907851723443916,10.367590314337559,0.8517433576658245,0.9365412369962824
burnshoes_25,0.9909820573221109,17.232119039006847,0.7368146632013927,0.8968277100187959
whack_your_boss_120,0.9936710323779848,11.803100874462075,0.6683751800573812,0.8957231101422363
Branda_schmitz_60,0.9877760272583211,40.08062390822199,0.8736250380114612,0.9473143313562611
Branda_schmitz_13,0.98867782587217,20.875389639038325,0.7506487166154066,0.9041946631224259
whack_your_boss_125,0.9871900076591228,15.833850872594363,0.9326487966463904,0.9688315727681925
slipknot_69,0.9818137815867788,28.322618426810973,0.9041834304760729,0.9540307075097905
david_bowie_84,0.9981900891033363,13.01689702074294,0.9655576016890886,0.983826022752055
eminem_44,0.9950367177928263,23.94096028981207,0.9510832983236028,0.9745566693141271
would_you_rather_65,0.9944454183559821,9.90935153591189,0.9572704941900101,0.9795422585103232
Branda_schmitz_76,0.9912632425928316,15.943805156849049,0.9052981517144041,0.9587062447632376
burnshoes_34,0.9956678751822943,23.688782669895776,0.9266945967540666,0.9657939889421072
happy_wheels_83,0.8892638312495261,33.06664542917505,-1.9998010669796378,0.53723704571474
50_50_105,0.9474440491010838,10.19843438682926,-0.5468314640023638,0.6825664212102257
gta1_45,0.9477054654882519,32.77837108128065,0.6826316302525978,0.8638505313534413
pssy_slap_17,0.9919101516914901,11.577989051209899,0.9234573661505545,0.9655914878517755
fatality_22,0.9923193871270294,10.929797366996073,0.9410307658786459,0.9721859922388959
granday_45,0.9982104102949843,11.164981951001971,0.9840843122578131,0.9921391020138396
bully_burger_40,0.977709014177261,14.253994099884702,0.15816598198779638,0.7720025506251196
gta1_20,0.9937868987140147,30.659247352783378,0.9184484963176269,0.962431642961767
pewdiepie_165,0.9912076537205207,17.365920064328794,0.943634548032807,0.9728579321931209
fatality_5,0.9993123692866669,14.109764730792723,0.9683833009291137,0.9850409593864847
happy_wheels_34,0.9931410400378726,37.1711973944968,0.9651887534132279,0.982548960688458
heartbeat_25,0.9856304576597802,15.072046366532321,0.872028826180634,0.9488553563615366
would_you_rather_35,0.994901971156659,13.55507389441737,0.9623496229436944,0.981533753983164
